,instagram name,category_1,Followers,Audience country(mostly),"Authentic engagement
","Engagement avg
"
0,433,Sports with a ball,48500000.0,Spain,383100.0,637000.0
1,TAEYANG,Music,12700000.0,Indonesia,478000.0,542300.0
2,ĞĞĞ¡Ğ¢Ğ¯ Ğ˜Ğ’Ğ›Ğ•Ğ•Ğ’Ğ,Shows,18800000.0,Russia,310800.0,377900.0
3,Joy,Lifestyle,13500000.0,Indonesia,1100000.0,1400000.0
6,Robert Lewandowski,Sports with a ball,25000000.0,Poland,588600.0,749000.0
7,á„‰á…¥á†¯á„‹á…µá†«á„‹á…¡ sá´‡á´Ê€ÉªÉ´á´€,Lifestyle,3000000.0,South Korea,803900.0,997800.0
11,Ars ğŸ—,Music,6500000.0,Thailand,359300.0,427700.0
12,Gerard PiqueÌ,Sports with a ball,19800000.0,Spain,446100.0,658800.0
13,50 Cent,Music,27900000.0,United States,177500.0,283200.0
14,9GAG: Go Fun The World,Humor & Fun & Happiness,58300000.0,Indonesia,214700.0,276900.0
15,AB de Villiers,Sports with a ball,17200000.0,India,534000.0,615900.0
16,AboFlah,Humor & Fun & Happiness,7200000.0,Iraq,793400.0,949400.0
17,Achraf Hakimi,Sports with a ball,8800000.0,Morocco,520000.0,764500.0
18,á„‹á…µá„†á…µá†«á„’á…© leeminho,Cinema & Actors/actresses,28900000.0,Indonesia,2800000.0,3700000.0
21,Acun IlÄ±calÄ±,Cinema & Actors/actresses,13600000.0,Turkey,233800.0,286300.0
22,Adam Sandler,Cinema & Actors/actresses,12700000.0,United States,395900.0,503900.0
24,Adele,Music,49700000.0,United States,2600000.0,3600000.0
25,adidas Originals,Clothing & Outfits,34200000.0,United States,52400.0,71800.0
29,AishwaryaRaiBachchan,Cinema & Actors/actresses,10000000.0,India,247600.0,316500.0
30,ğ”¸ ğ•€ ğ•Š ğ•ƒ ğ•€ â„• â„•  ğ•• ğ•– ğ•£ ğ•“ ğ•– ğ•«,Cinema & Actors/actresses,12000000.0,Mexico,235700.0,295400.0
31,Akshay Kumar,Cinema & Actors/actresses,61100000.0,India,815300.0,971000.0
32,Alejandro Speitzer,Lifestyle,5100000.0,Mexico,313300.0,488600.0
33,AleÌ‚ Oliveira,Humor & Fun & Happiness,8300000.000000001,Brazil,235800.0,598400.0
35,alexandra daddario,Cinema & Actors/actresses,22400000.0,India,487900.0,596600.0
36,Sanchez Alexis,Sports with a ball,13400000.0,Chile,185200.0,304800.0
37,Alexis Ren,Lifestyle,15800000.0,United States,102000.0,158100.0
38,Alfinetadas Dos Famosos ğŸ“Œ,Humor & Fun & Happiness,21100000.0,Brazil,99500.0,223600.0
39,Alia Bhatt ğŸ¤â˜€ï¸,Cinema & Actors/actresses,61800000.0,India,1200000.0,1500000.0
40,Ali Daei,Sports with a ball,8000000.0,Iran,555800.0,937000.0
41,Ali Karimi,Sports with a ball,9100000.0,Iran,328700.0,495100.0
42,Alisha Lehmann,Sports with a ball,6800000.0,Brazil,373800.0,705300.0
43,Allu Arjun,Cinema & Actors/actresses,17600000.0,India,1600000.0,2000000.0
44,Alok,Music,27000000.0,Brazil,249600.0,319900.0
45,AÌlvaro Morata,Sports with a ball,16200000.0,Italy,113100.0,175200.0
46,Ãlvaro Morte,Cinema & Actors/actresses,12400000.0,India,244500.0,334700.0
47,ALVARO,Lifestyle,9200000.0,Brazil,169600.0,424700.0
48,Ram Charan,Lifestyle,5600000.0,India,596800.0,668300.0
49,N I C O L E   A M A D O ğŸ‰,Fashion,8100000.0,Mexico,505000.0,564400.0
50,Amanda ğ•®ğ–Šğ–—ğ–“ğ–,Humor & Fun & Happiness,24100000.0,India,112900.0,180600.0
53,Amaury Guichon,Food & Cooking,6700000.0,United States,357300.0,435700.0
54,Amitabh Bachchan,Cinema & Actors/actresses,30000000.0,India,88500.0,103600.0
55,AB Mcn,Lifestyle,6300000.0,Brazil,561400.0,771300.0
56,A N A   D E   A R M A S,Cinema & Actors/actresses,6100000.0,United States,543400.0,735300.0
57,Ananya ğŸ’›ğŸ’«,Cinema & Actors/actresses,21900000.0,India,318200.0,371800.0
58,Anas Marwah,Family,5500000.0,Iraq,431800.0,557500.0
59,ANDREA VALDIRI ğŸ‡¨ğŸ‡´,Lifestyle,7700000.0,Colombia,411300.0,584300.0
60,Andres Iniesta,Sports with a ball,39000000.0,Spain,91500.0,132300.0
61,AÌngela Aguilar ğŸ‡²ğŸ‡½,Lifestyle,8199999.999999999,Mexico,285500.0,346000.0
62,AÌngel Di MariÌa,Sports with a ball,16300000.0,Argentina,294600.0,434100.0
64,Angelina Jolie,Lifestyle,12600000.0,Brazil,274600.0,456100.0
65,Angelique Boyer,Shows,13900000.0,Brazil,247400.0,310600.0
66,Angel Rai :),Humor & Fun & Happiness,14900000.0,India,462200.0,557400.0
68,Anitta ğŸ¤,Music,61100000.0,Brazil,542800.0,1000000.0
69,Anjali Arora,Lifestyle,11100000.0,India,173300.0,221200.0
70,Anna Kendrick,Cinema & Actors/actresses,20300000.0,United States,210000.0,274200.0
71,Anne Curtis,Music,17800000.0,Philippines,134700.0,152300.0
72,Anne Hathaway,Cinema & Actors/actresses,22600000.0,United States,704300.0,928400.0
73,ANNE-MARIE,Shows,9200000.0,India,242500.0,339600.0
74,Ansu Fati,Sports with a ball,8000000.0,Spain,475200.0,721000.0
75,Throwback Fighter ğŸ§ ,Fitness & Gym,13600000.0,United Kingdom,142000.0,192800.0
76,Antoine Griezmann,Sports with a ball,35500000.0,Spain,205300.0,329600.0
77,Antonela Roccuzzo,Modeling,19000000.0,Argentina,970700.0,1600000.0
78,â€œREAL HASTA LA MUERTEâ€,Music,27900000.0,Spain,586000.0,892100.0
79,Anupama Parameswaran,Cinema & Actors/actresses,11400000.0,India,510400.0,583300.0
80,Anushka Sen,Cinema & Actors/actresses,34500000.0,India,379100.0,443800.0
81,AnushkaSharma1588,Cinema & Actors/actresses,57500000.0,India,1100000.0,1300000.0
82,anya geraldine,Music,10700000.0,Indonesia,182300.0,305200.0
85,apple,Computers & Gadgets,27400000.0,India,83400.0,111200.0
86,ï¼¡ï¼²ï¼¡ï¼©ï¼«  ï¼§ï¼¡ï¼¬ï¼³ï¼´ï¼¹ï¼¡ï¼®Â®ï¸,Beauty,13000000.0,Turkey,323000.0,416700.0
87,Ariana Grande,Music,302300000.0,United States,2900000.0,4099999.9999999995
89,Sayyed Arishfa Khan ğŸ’,Cinema & Actors/actresses,28000000.0,India,183100.0,221400.0
91,ARONğŸŒœğŸŒ,Music,13900000.0,Brazil,273100.0,515600.0
92,Arsenal Official,Sports with a ball,21500000.0,United Kingdom,79900.0,120000.0
93,Arthur Aguiar,Music,12700000.0,Brazil,104100.0,236800.0
94,Asala Maleh,Shows,6600000.0,Iraq,415900.0,514500.0
95,GRIM,Music,14600000.0,United States,383600.0,641700.0
96,Ashish Chanchlani,Cinema & Actors/actresses,13300000.0,India,832600.0,1000000.0
97,Ashley Benson,Modeling,22400000.0,Brazil,101000.0,144300.0
98,A S H L E Y  G R A H A M,Modeling,17200000.0,United States,392700.0,519500.0
99,Sonakshi Sinha,Cinema & Actors/actresses,21400000.0,India,110200.0,134100.0
100,ATEEZ(ì—ì´í‹°ì¦ˆ),Music,6300000.0,United States,410900.0,472100.0
101,Atta Halilintar - PAPATA,Art/Artists,23100000.0,Indonesia,140200.0,192300.0
102,Pierre-Emerick Aubameyang,Sports with a ball,12000000.0,United Kingdom,379300.0,602100.0
103,Patchrapa Chai,Cinema & Actors/actresses,14100000.0,Thailand,150300.0,179200.0
104,Aurelie Hermansyah Atta,Beauty,25300000.0,Indonesia,475200.0,601100.0
105,avani,Beauty,18800000.0,United States,337000.0,451900.0
106,Avneet Kaur Official,Cinema & Actors/actresses,30500000.0,India,281300.0,341100.0
107,Avril Lavigne,Music,10700000.0,Brazil,211200.0,263000.0
108,Awez Darbar,Shows,17800000.0,India,466000.0,558400.0
109,Aykut Elmas,Cinema & Actors/actresses,6800000.0,Turkey,321000.0,376500.0
111,badgalriri,Music,125100000.0,United States,2800000.0,4600000.0
112,baifernbah,Lifestyle,10400000.0,Indonesia,224500.0,284600.0
113,BamBam,Music,16000000.0,Brazil,684300.0,863000.0
114,Barack Obama,Finance & Economics,35400000.0,United States,148300.0,174600.0
116,bright,Cinema & Actors/actresses,13500000.0,Indonesia,1700000.0,2000000.0
117,Bunga Citra Lestari,Music,20200000.0,Indonesia,153500.0,242600.0
118,Bebe Rexha,Music,10800000.0,India,221500.0,327000.0
119,Cut Beby Tshabina,Modeling,7100000.0,Indonesia,243400.0,373900.0
120,Salman Khan,Cinema & Actors/actresses,50700000.0,India,474600.0,604400.0
121,Beli,Music,14900000.0,Mexico,136700.0,197000.0
122,Bella ğŸ¦‹,Modeling,50600000.0,United States,566900.0,905300.0
124,BELLA,Music,25200000.0,United States,289500.0,485700.0
125,Kathryn Bernardo ğŸ˜,Beauty,16800000.0,Philippines,452700.0,545400.0
126,BeyonceÌ,Music,246900000.0,United States,2600000.0,3700000.0
127,â„¬ğ’½ğ’¶ğ’·ğ’¾â„¯ğŸ¦‹,Music,16399999.999999998,United States,143100.0,268000.0
128,Bhuvan Bam,Cinema & Actors/actresses,14200000.0,India,741000.0,915800.0
129,BOCA ROSA,Beauty,17700000.0,Brazil,73600.0,172200.0
130,! Bibi,Family,7800000.0,Germany,322700.0,369600.0
131,BigHit Music Updates,Music,13000000.0,Indonesia,721300.0,888500.0
132,BIGSEAN,Music,14600000.0,United States,169900.0,310300.0
133,BILLIE EILISH,Music,101700000.0,United States,2600000.0,3400000.0
134,BZRP,Music,11500000.0,Argentina,920800.0,1100000.0
135,BLÎ›Æ†KPIĞ˜K,Music,46200000.0,Indonesia,1100000.0,1400000.0
136,Blake Lively,Cinema & Actors/actresses,32000000.0,United States,827100.0,1300000.0
137,Bleacher Report,Sports with a ball,18400000.0,United States,103800.0,204700.0
138,Andrea Brillantes,Cinema & Actors/actresses,13400000.0,Philippines,196900.0,224100.0
139,BMW,Cars & Motorbikes,33100000.0,India,73100.0,97600.0
140,á„‡á…¡á†¨á„‰á…¥á„Œá…®á†«,Cinema & Actors/actresses,21400000.0,Indonesia,2500000.0,2900000.0
141,ğŸ’€,Music,3400000.0,Indonesia,679100.0,791200.0
142,ĞšÑĞµĞ½Ğ¸Ñ Ğ‘Ğ¾Ñ€Ğ¾Ğ´Ğ¸Ğ½Ğ°,Shows,18200000.0,Russia,123000.0,153200.0
143,Verrell Bramasta,Cinema & Actors/actresses,23700000.0,Indonesia,109100.0,138900.0
144,Brent Rivera,Music,22100000.0,United States,888300.0,1200000.0
145,Bretman (Da Baddest) Rock,Art/Artists,18300000.0,United States,551000.0,927900.0
146,Bleacher Report Football,Sports with a ball,11900000.0,United States,146000.0,236000.0
148,Ğ‘Ñ€Ğ°Ğ¸Ì†Ğ½ ĞœĞ°Ğ¿Ñ (ĞœĞ°ĞºÑ Ğ¢Ğ°Ñ€Ğ°ÑĞµĞ½ĞºĞ¾),Photography,5800000.0,Russia,608400.0,627900.0
149,Britney Spears,Music,40200000.0,United States,180500.0,251600.0
150,Bruna Marquezine,Cinema & Actors/actresses,42600000.0,Brazil,485200.0,837200.0
151,Bruno Mars,Music,24900000.0,Brazil,328700.0,499000.0
152,Bryce Hall,Music,7500000.0,United States,279200.0,358700.0
153,BTS official,Music,61700000.0,Indonesia,2400000.0,2600000.0
154,BUGATTI,Cars & Motorbikes,16100000.000000002,United States,124100.0,168500.0
155,SHINee KEY,Music,9000000.0,Indonesia,376300.0,451600.0
156,Burak OÌˆzcÌ§ivit,Cinema & Actors/actresses,20500000.0,Turkey,492800.0,597500.0
157,Burcu OÌˆzberk,Cinema & Actors/actresses,9000000.0,Turkey,560900.0,725600.0
158,BY PAMELLA âœ¨ğŸ§¿,Shows,9400000.0,Brazil,237700.0,406800.0
159,Jaden Smith,Cinema & Actors/actresses,18600000.0,United States,190100.0,294600.0
160,Cameron Dallas,Cinema & Actors/actresses,23000000.0,United States,104800.0,182600.0
161,camila,Music,60900000.0,Brazil,305400.0,418100.0
162,Camila Loures,Shows,17600000.0,Brazil,131500.0,196300.0
163,Camilla de Lucas,Beauty,10800000.0,Brazil,205200.0,376800.0
164,C A M I L O,Music,26400000.0,Argentina,252300.0,398900.0
165,camila mendes,Cinema & Actors/actresses,26800000.0,Brazil,1100000.0,1600000.0
166,Saul Alvarez,Fitness & Gym,12800000.0,Mexico,203000.0,282200.0
167,Can Yaman,Cinema & Actors/actresses,9300000.0,Italy,324400.0,402800.0
168,Cara Delevingne,Modeling,43300000.0,United States,130100.0,182800.0
169,Carlinhos MaiağŸŒ»,Lifestyle,24800000.0,Brazil,441900.0,810700.0
170,ğ‘¨ğ’‹ğ’†ğ’š ğ‘µğ’‚ğ’ˆğ’‚ğ’“,Computers & Gadgets,15000000.0,India,885800.0,1000000.0
171,Casemiro,Sports with a ball,14000000.0,Spain,149800.0,224100.0
173,â™¡ ğ–“ğ–Šğ–“ğ–† á´›Ê€á´€á´á´˜á´€,Music,9800000.0,Argentina,396200.0,508000.0
174,Chris Bumstead,Fitness & Gym,6600000.0,United States,248700.0,410600.0
175,Celeste Barber,Humor & Fun & Happiness,8900000.0,United States,364800.0,393200.0
176,CL,Art/Artists,9800000.0,Brazil,259000.0,342500.0
177,UEFA Champions League,Sports with a ball,91400000.0,Brazil,255300.0,344400.0
178,Channing Tatum,Cinema & Actors/actresses,17000000.0,United States,272100.0,393200.0
179,Charles Leclerc,Racing Sports,6600000.0,Italy,473900.0,629200.0
180,cd,Lifestyle,47700000.0,United States,1500000.0,1900000.0
181,Charlie Puth,Music,15700000.0,United States,320500.0,456200.0
182,Chelsea FC,Sports with a ball,33200000.000000004,Indonesia,115700.0,172400.0
183,Chiara Ferragni âœ¨,Beauty,26700000.0,Italy,372000.0,616600.0
184,ChloÃ« Grace Moretz,Cinema & Actors/actresses,20100000.0,United States,292900.0,392500.0
186,CHOQUEI - BBB22,Literature & Journalism,17000000.0,Brazil,90100.0,279500.0
187,BREEZY,Music,106000000.0,United States,157100.0,241900.0
189,Chris Hemsworth,Cinema & Actors/actresses,54000000.0,India,776600.0,998100.0
190,chrissy teigen,Shows,37400000.0,United States,158000.0,205500.0
191,Ciara,Music,31300000.0,United States,199400.0,270600.0
193,Claire Holt,Cinema & Actors/actresses,7400000.0,United States,304100.0,415400.0
195,á„€á…µá†·á„‰á…¦á„Œá…¥á†¼,Lifestyle,5500000.0,Indonesia,1300000.0,1600000.0
196,JuÌlio Cocielo Estaniecki,Cinema & Actors/actresses,17800000.0,Brazil,360600.0,564800.0
197,Coldplay,Music,15400000.0,Brazil,274000.0,381300.0
198,Cole LaBrant,Lifestyle,5000000.0,United States,412600.0,580800.0
199,Cole Sprouse,Modeling,36000000.0,United States,352700.0,459300.0
200,Colleen Ballinger,Family,7500000.0,United States,368300.0,463600.0
201,Conan Gray,Music,5700000.0,Brazil,785400.0,1200000.0
202,Courteney Cox,Cinema & Actors/actresses,12100000.0,India,319900.0,421900.0
203,Cristiano Ronaldo,Sports with a ball,419600000.0,India,5700000.0,7000000.0
204,CARMEN VILLALOBOS,Shows,19200000.0,Colombia,247300.0,305100.0
205,Burak OÌˆzdemir,Food & Cooking,32900000.0,Turkey,615200.0,836000.0
207,David De Gea,Sports with a ball,12900000.0,United Kingdom,306800.0,434400.0
208,Daddy Yankee,Music,44900000.0,Argentina,1300000.0,1800000.0
209,Dagelan,Humor & Fun & Happiness,20600000.0,Indonesia,83400.0,140500.0
210,Dan Bilzerian,Cinema & Actors/actresses,32799999.999999996,India,1300000.0,2100000.0
211,Daniel Alves,Sports with a ball,35700000.0,Brazil,170600.0,264900.0
212,Daniel Kang,Lifestyle,4800000.0,Indonesia,458900.0,577400.0
213,Daniel Ricciardo,Racing Sports,6600000.0,United States,361100.0,469200.0
214,Danna Paola,Music,33500000.0,Mexico,931600.0,1300000.0
215,Daquan,Humor & Fun & Happiness,16800000.0,United States,364200.0,561900.0
216,Darshan Raval #Goriye,Music,14800000.0,India,205900.0,249100.0
217,Ğ”Ğ°Ğ²Ğ° â“‚ï¸ Ğ’ÑĞµÌˆ Ğ±ÑƒĞ´ĞµÑ‚ Ñ…Ğ¾Ñ€Ğ¾ÑˆĞ¾ğŸ§¸,Business & Careers,13700000.0,Russia,166000.0,215900.0
218,David Alaba,Sports with a ball,8500000.0,Spain,301400.0,426700.0
219,David Beckham,Family,71900000.0,India,500400.0,641100.0
220,David Luiz,Sports with a ball,21200000.0,Brazil,69800.0,152400.0
221,Davido,Music,23300000.0,Nigeria,184900.0,259300.0
222,David Warner,Sports with a ball,9100000.0,India,238200.0,279700.0
223,davikah,Modeling,15900000.0,Thailand,355300.0,460800.0
225,Demi Lovato,Music,128699999.99999999,United States,319800.0,418400.0
226,Dean Schneider,Animals,10100000.0,India,271500.0,348200.0
227,De'arra Taylor,Lifestyle,6000000.0,United States,236900.0,589900.0
228,Debby Ryan,Music,16700000.0,United States,169400.0,246400.0
229,Deepika Padukone,Cinema & Actors/actresses,65500000.0,India,347200.0,450300.0
230,Deive Leonardo,Literature & Journalism,10800000.0,Brazil,234300.0,431400.0
231,Demet OÌˆzdemir,Cinema & Actors/actresses,15000000.0,Turkey,335600.0,449000.0
232,Demi ğŸŒ¹,Modeling,19200000.0,United States,395900.0,515000.0
234,Dhanush,Cinema & Actors/actresses,4200000.0,India,685100.0,886300.0
235,LOVE,Music,18400000.0,United States,109400.0,164500.0
236,DILJIT DOSANJH,Cinema & Actors/actresses,12900000.0,India,203300.0,244700.0
237,Dinda Hauw,Cinema & Actors/actresses,13900000.0,Indonesia,288800.0,431500.0
238,disha patani (paatni) ğŸ¦‹,Cinema & Actors/actresses,49600000.0,India,909300.0,1100000.0
239,Divyanka Tripathi Dahiya,Shows,18900000.0,India,146500.0,168200.0
240,dixie,Music,25100000.0,United States,293000.0,430300.0
241,Novak Djokovic,Sports with a ball,10400000.0,Serbia,195700.0,240900.0
242,djsnake,Music,9100000.0,India,362200.0,429600.0
244,David Harbour,Cinema & Actors/actresses,6200000.0,United States,352200.0,461500.0
245,á„‹á…µá„Œá…µá„€á…³á†· IU,Art/Artists,25800000.0,South Korea,2900000.0,3500000.0
246,CHOIWOOSHIK,Lifestyle,5900000.0,Indonesia,1500000.0,2000000.0
248,Doja Cat,Music,22400000.0,United States,2800000.0,3900000.0
249,domelipa,Lifestyle,17200000.0,Mexico,1100000.0,1300000.0
251,Donya,Fashion,14700000.0,Iran,379800.0,596700.0
252,DOVE,Cinema & Actors/actresses,46400000.0,United States,618500.0,807200.0
253,Dulquer Salmaan,Cinema & Actors/actresses,10200000.0,India,176800.0,239600.0
256,DUA LIPA,Music,81600000.0,Mexico,2200000.0,2700000.0
259,Ya Supiste,Music,9000000.0,Argentina,607200.0,1100000.0
260,Dylan Minnette,Music,7300000.0,United States,215700.0,350400.0
261,Dylan Sprouse,Cinema & Actors/actresses,9300000.0,United States,350300.0,549800.0
262,Emily Garcia,Cinema & Actors/actresses,11000000.0,Brazil,230100.0,380500.0
263,ğŸŒ  EarthPix  ğŸŒ,Nature & landscapes,22700000.0,United States,118700.0,145900.0
264,EA SPORTS FIFA,Sports with a ball,25800000.0,Spain,70900.0,118300.0
265,EBI,Music,10300000.0,Iran,193600.0,260500.0
266,Eugenio Derbez,Cinema & Actors/actresses,18100000.0,Mexico,248300.0,278900.0
267,Ğ•Ğ³Ğ¾Ñ€ ĞšÑ€Ğ¸Ğ´ | #HeartBreakKid,Music,14700000.0,Russia,322600.0,396900.0
268,Elton ILIRJANI,Lifestyle,9500000.0,Albania,423900.0,611600.0
269,ElcÌ§in Sangu,Cinema & Actors/actresses,8300000.000000001,Turkey,284600.0,342800.0
270,Eliana Michaelichen,Music,29600000.0,Brazil,119300.0,151500.0
271,Ellen Pompeo,Cinema & Actors/actresses,10000000.0,Brazil,285800.0,495800.0
272,Elnaz ShakerdoostğŸ¬,Cinema & Actors/actresses,9500000.0,Iran,219000.0,295700.0
273,RODğŸ¥´,Lifestyle,12700000.0,Mexico,563100.0,620800.0
274,el rubius WTF,Computers & Gadgets,16200000.0,Mexico,1400000.0,1500000.0
276,Emilia Mernes,Music,4900000.0,Argentina,549500.0,1000000.0
277,Marshall Mathers,Cinema & Actors/actresses,35600000.0,Iran,771200.0,993500.0
278,emma chamberlain,Lifestyle,15300000.0,United States,1100000.0,1700000.0
279,Emma Roberts,Cinema & Actors/actresses,17700000.0,United States,266400.0,392400.0
280,Emily Ratajkowski,Modeling,29000000.0,United States,475400.0,758700.0
283,Esra Bilgic,Lifestyle,6700000.0,India,319100.0,407100.0
284,Ester ğŸŒ™,Cinema & Actors/actresses,29000000.0,Russia,2900000.0,4300000.0
285,ì°¨ì€ìš°,Music,27400000.0,Indonesia,3600000.0,4500000.0
287,Evaluna Montaner de Echeverry,Family,19800000.0,Argentina,812100.0,1100000.0
288,Fahriye Evcen OÌˆzcÌ§ivit,Lifestyle,12800000.0,Turkey,375600.0,473300.0
290,FORMULA 1Â®,Racing Sports,18300000.0,Italy,266600.0,337700.0
291,Fabrizio Romano,Literature & Journalism,6400000.0,Italy,328900.0,570600.0
292,Fadil Jaidi,Lifestyle,7000000.0,Indonesia,581500.0,873000.0
293,Fazza,Lifestyle,14000000.0,United Arab Emirates,257300.0,337900.0
294,FC Barcelona,Sports with a ball,107100000.0,Indonesia,450100.0,687900.0
295,FC Bayern,Sports with a ball,31800000.0,Germany,115000.0,167400.0
296,FEDEZ,Music,13700000.0,Italy,725500.0,1000000.0
297,"Tyler, The Creator",Music,12400000.0,United States,1000000.0,1700000.0
298,Felicya Angelista,Family,21000000.0,Indonesia,107000.0,147800.0
299,Felipe Neto ğŸ¦‰,Lifestyle,15400000.0,Brazil,166100.0,236000.0
300,FIFA World Cup,Sports with a ball,25500000.0,India,71200.0,109100.0
301,Florence Pugh,Humor & Fun & Happiness,7200000.0,United States,926400.0,1400000.0
303,Fortnite,Computers & Gadgets,26100000.0,United States,102100.0,120300.0
304,Francia James,Adult content,10600000.0,India,250400.0,328300.0
305,FĞ¯AN,Beauty,15200000.0,Brazil,86400.0,188600.0
306,French Montana,Music,24500000.0,United States,91500.0,151600.0
307,Frenkie de Jong,Sports with a ball,10000000.0,Spain,528600.0,792500.0
308,FUCKJERRY,Humor & Fun & Happiness,16600000.000000002,United States,405300.0,523100.0
310,Gabi ğŸ‡§ğŸ‡· Lil Gabi,Sports with a ball,9600000.0,Brazil,282000.0,427000.0
311,Gal Gadot,Cinema & Actors/actresses,77000000.0,United States,597500.0,771600.0
312,Galatasaray,Sports with a ball,11100000.0,Turkey,254400.0,307800.0
313,Gareth Bale,Sports with a ball,46300000.0,Spain,402200.0,633900.0
314,Gaten Matarazzo,Music,13600000.0,Brazil,449500.0,594100.0
315,Genelia Deshmukh,Cinema & Actors/actresses,9600000.0,India,444400.0,550600.0
317,Georgina RodriÌguez,Lifestyle,36500000.0,India,2500000.0,3500000.0
318,GKAY,Shows,19300000.0,Brazil,173600.0,357900.0
320,Gianluca Vacchi,Lifestyle,22200000.0,Brazil,511400.0,787200.0
321,Giannis Antetokounmpo,Sports with a ball,12300000.0,United States,217800.0,344600.0
322,Gigi Hadid,Modeling,73200000.0,United States,1900000.0,2800000.0
324,Garima Chaurasia ğŸ’™,Lifestyle,13900000.0,India,145100.0,197800.0
325,Giovanna Ewbank,Cinema & Actors/actresses,28000000.0,Brazil,181400.0,290600.0
326,Gisele BuÌˆndchen,Modeling,18900000.0,Brazil,274600.0,408000.0
327,Goar Avetisyan,Beauty,11500000.0,Russia,510500.0,707900.0
328,Golshifteh Farahani,Cinema & Actors/actresses,12600000.0,Iran,307500.0,395700.0
329,Grant Gustin,Cinema & Actors/actresses,7800000.0,Brazil,343400.0,487300.0
330,Greeicy,Shows,20400000.0,Colombia,201400.0,270900.0
331,TheGrefg,Computers & Gadgets,7100000.0,Spain,440100.0,546100.0
332,Gucci Official,Accessories & Jewellery,47900000.0,United States,57900.0,74300.0
333,Guru Randhawa,Music,31500000.0,India,110800.0,135400.0
334,Ğ“Ğ£Ğ¡Ğ•Ğ˜Ì†Ğ Ğ“ĞĞ¡ĞĞĞĞ’,Shows,21000000.0,Russia,524500.0,786100.0
335,ğŸ› Gusttavo Lima ğŸ›,Music,42900000.0,Brazil,46900.0,79800.0
336,Hadise,Music,13700000.0,Turkey,220700.0,257200.0
338,hailee steinfeld,Cinema & Actors/actresses,18200000.0,United States,1500000.0,1900000.0
339,Hailey Rhode Baldwin Bieber,Lifestyle,42200000.0,United States,1800000.0,2400000.0
340,hakki akdeniz,Business & Careers,17600000.0,Russia,120200.0,174400.0
341,Hande ErcÌ§el,Cinema & Actors/actresses,27300000.0,Turkey,2100000.0,2800000.0
342,Hannah Stocking,Modeling,21000000.0,United States,237200.0,337800.0
343,Hardik Himanshu Pandya,Sports with a ball,20600000.0,India,860300.0,1100000.0
344,Harry Kane,Sports with a ball,12300000.0,United Kingdom,148300.0,204400.0
346,hasan reyvandi Ø­Ø³Ù† Ø±ÛŒÙˆÙ†Ø¯ÛŒ,Cinema & Actors/actresses,18700000.0,Iran,330100.0,456500.0
347,Pooja Hegde,Cinema & Actors/actresses,18800000.0,India,831700.0,959300.0
348,Ğ•Ğ»ĞµĞ½Ğ° Ğ¡Ğ°Ğ¶Ğ¸Ğ½Ğ°,Cinema & Actors/actresses,10500000.0,Russia,342400.0,442600.0
349,Henry Cavill,Cinema & Actors/actresses,19700000.0,Brazil,795100.0,966500.0
350,á„‹á…µá„‰á…¥á†¼á„€á…§á†¼,Modeling,13500000.0,Indonesia,971100.0,1300000.0
351,á„’á…ªá†¼á„‹á…µá†«á„‹á…§á†¸,Cinema & Actors/actresses,12900000.0,South Korea,2600000.0,3000000.0
352,á„‰á…©á†¼á„Œá…®á†¼á„€á…µ songjoongki official,Cinema & Actors/actresses,8800000.0,Indonesia,1700000.0,2400000.0
353,ìŠ¬ê¸° Seulgi,Modeling,11900000.0,Indonesia,849600.0,1100000.0
355,Hilary Duff,Cinema & Actors/actresses,20600000.0,United States,147300.0,188200.0
358,Hoyeon,Lifestyle,23700000.0,South Korea,2000000.0,2700000.0
359,House of Highlights,Sports with a ball,32700000.000000004,United States,64599.99999999999,117200.0
360,Hrithik Roshan,Cinema & Actors/actresses,41900000.0,India,638300.0,805300.0
361,Harry Styles HQ,Music,5500000.0,United States,488100.0,859100.0
362,Chase Hudson,Lifestyle,11900000.0,Brazil,228400.0,317800.0
363,Humans of New York,Lifestyle,11800000.0,United States,181900.0,215400.0
365,á„’á…¨á„…á…µ,Music,7000000.0,South Korea,447600.0,539000.0
366,Hyun Ah,Music,17600000.0,South Korea,378100.0,448700.0
367,Hakim Ziyech,Sports with a ball,6000000.0,Morocco,348400.0,476000.0
368,Z.TAOğŸ”´é»„å­éŸ¬,Music,11300000.0,Indonesia,253100.0,281300.0
370,Nivetha Thomas,Cinema & Actors/actresses,5900000.0,India,395300.0,447000.0
371,Becky G,Music,31200000.0,Mexico,679200.0,817400.0
372,Cardi B,Music,127200000.0,United States,2300000.0,3300000.0
373,fer,Lifestyle,8800000.0,Mexico,1000000.0,1500000.0
374,halsey,Music,28900000.0,United States,793700.0,1000000.0
375,Michele Morrone,Lifestyle,12900000.0,Brazil,654100.0,938900.0
376,Paulo AndreÌ ğŸ,Lifestyle,6100000.0,Brazil,122200.0,424400.0
377,Shah Rukh Khan,Cinema & Actors/actresses,28600000.0,India,717000.0,909700.0
378,Zlatan IbrahimoviÄ‡,Sports with a ball,52900000.0,Italy,306700.0,473100.0
379,iansomerhalder,Cinema & Actors/actresses,22500000.0,United States,527600.0,788900.0
380,Ibai,Art/Artists,6800000.0,Spain,859100.0,1200000.0
381,Ileana D'Cruz,Cinema & Actors/actresses,14100000.0,India,286000.0,347700.0
382,ì•ˆíš¨ì„­,Lifestyle,6000000.0,Indonesia,1200000.0,1400000.0
383,mon,Cinema & Actors/actresses,22600000.0,India,238900.0,290700.0
384,Sebastian Stan,Shows,9000000.0,United States,566100.0,672900.0
385,Team India,Sports with a ball,23900000.0,India,223200.0,260300.0
386,India,Lifestyle,4000000.0,United States,384500.0,1100000.0
387,Jessica Iskandar Verhaag,Cinema & Actors/actresses,29400000.0,Indonesia,74500.0,99700.0
388,Instagram,Photography,487200000.0,India,352300.0,467400.0
389,iqbaal ramadhan,Cinema & Actors/actresses,13400000.0,Indonesia,271400.0,465900.0
390,irinashayk,Modeling,17900000.0,Russia,121800.0,169000.0
391,Isco Alarcon Suarez,Sports with a ball,23300000.0,Spain,142700.0,206200.0
392,isis valverde,Cinema & Actors/actresses,27800000.0,Brazil,79400.0,117200.0
394,Marzia Kjellberg,Beauty,8199999.999999999,United States,603200.0,705100.0
395,ITZY,Music,15800000.0,Indonesia,761500.0,930800.0
397,Jack Harlow,Lifestyle,5100000.0,United States,330800.0,618400.0
398,Jacksepticeye,Computers & Gadgets,7700000.0,United States,277700.0,322300.0
399,Jackson Wang,Music,27300000.0,China,950100.0,1100000.0
400,Jacob Elordi,Cinema & Actors/actresses,13200000.0,Brazil,997400.0,1600000.0
401,Jacqueline Fernandez,Cinema & Actors/actresses,59300000.0,India,322000.0,391800.0
402,JADE ğŸŒª,Modeling,19400000.0,Brazil,375200.0,818400.0
403,Jailyne Ojeda Ochoa,Modeling,14100000.0,United States,183100.0,253700.0
404,El chaval,Cinema & Actors/actresses,14500000.0,Brazil,285100.0,381800.0
405,Jair M. Bolsonaro,Finance & Economics,19500000.0,Brazil,150900.0,212600.0
406,Jake Paul,Cinema & Actors/actresses,19200000.0,United States,278200.0,465100.0
407,James Charles,Beauty,23300000.0,United States,293900.0,432000.0
408,James RodriÌguez,Sports with a ball,49100000.0,Colombia,506000.0,768300.0
409,12 ğŸ¥·ğŸ½ğŸ–¤,Lifestyle,5900000.0,United States,332900.0,537800.0
410,Janhvi Kapoor,Lifestyle,16100000.000000002,India,951300.0,1100000.0
411,Jannat Zubair Rahmani,Cinema & Actors/actresses,41200000.0,India,614700.0,748600.0
412,jasprit bumrah,Lifestyle,9500000.0,India,466500.0,536000.0
413,LIM JAE BEOM,Music,6600000.0,Brazil,561300.0,731700.0
414,JAYDA WAYDA,Clothing & Outfits,7000000.0,United States,128500.0,381300.0
415,J Balvin,Music,51900000.0,Mexico,273600.0,363000.0
416,Jenna Ortega,Cinema & Actors/actresses,7400000.0,United States,257100.00000000003,366100.0
417,J,Music,64800000.0,Indonesia,6200000.0,7400000.0
418,Jennifer Garner,Cinema & Actors/actresses,12500000.0,United States,255600.0,289400.0
419,Jennifer Aniston,Cinema & Actors/actresses,40100000.0,Brazil,1600000.0,2300000.0
420,Jennifer Winget,Cinema & Actors/actresses,12300000.0,India,322300.0,391700.0
421,Jenn muriel,Lifestyle,5500000.0,Colombia,451500.0,562600.0
422,Jensen Ackles,Cinema & Actors/actresses,9100000.0,United States,504600.0,655900.0
423,Jeremy Renner,Shows,17200000.0,United States,192900.0,230800.0
424,Jerome Polin Sijabat ã‚·ã‚™ã‚§ãƒ­ãƒ¼ãƒ ,Education,6500000.0,Indonesia,424200.0,622400.0
425,JLingz,Sports with a ball,9500000.0,United Kingdom,192100.0,294500.0
426,Jessi / á„Œá…¦á„‰á…µ,Music,9700000.0,United States,874500.0,1100000.0
427,Jessica Jane,Lifestyle,6000000.0,Indonesia,441400.0,582300.0
428,James Harden,Sports with a ball,11700000.0,United States,137500.0,236500.0
429,JheneÌ Aiko Efuru Chilombo ğŸ”®,Music,14000000.0,United States,273800.0,481100.0
430,ì§€ì°½ìš±,Cinema & Actors/actresses,19200000.0,Indonesia,920200.0,1200000.0
431,Jimmy Fallon,Shows,21300000.0,United States,97200.0,120900.0
433,JIN (á„€á…µá†·á„‰á…¥á†¨á„Œá…µá†«),Lifestyle,8500000.0,Indonesia,1200000.0,1400000.0
434,ë°•ì§„ì˜,Music,9300000.0,Indonesia,881400.0,1200000.0
435,Jennifer Lopez,Music,200800000.0,United States,429500.0,549900.0
437,JÒ‰OÒ‰TÒ‰IÒ‰NÒ‰HÒ‰AÒ‰,Music,15500000.0,Brazil,116800.0,227100.0
438,Joey King,Music,19100000.0,Brazil,541100.0,774100.0
439,Johnny Suh,Lifestyle,8100000.0,Indonesia,1300000.0,1600000.0
440,JoJo,Music,21700000.0,Brazil,117300.0,190100.0
441,Joko Widodo,Finance & Economics,45800000.0,Indonesia,158000.0,196000.0
442,ì´ì¢…ì„,Cinema & Actors/actresses,22200000.0,Indonesia,2200000.0,2900000.0
443,Jordi Alba,Sports with a ball,14100000.0,Spain,135700.0,196300.0
444,Jorge Lopez,Cinema & Actors/actresses,9700000.0,Brazil,211300.0,346300.0
446,jÃ¸sh dun,Music,5800000.0,United States,540300.0,660000.0
448,JD PANTOJA ğŸ‡²ğŸ‡½,Music,21500000.0,Mexico,519100.0,591800.0
449,Juanpa Zurita,Cinema & Actors/actresses,28600000.0,Mexico,341700.0,485800.0
452,JukiLop,Shows,9100000.0,Mexico,493000.0,573300.0
453,julianna,Music,9700000.0,United States,409500.0,592100.0
454,Juliana Paes,Art/Artists,30200000.0,Brazil,61400.0,95200.0
455,Juliette,Cinema & Actors/actresses,33700000.0,Brazil,201200.0,319800.0
456,JUNGKOOK (ì „ì •êµ­) Updates,Management & Marketing,9900000.0,Brazil,1800000.0,2000000.0
458,Justin Bieber,Music,227000000.0,India,439100.0,638200.0
459,Justin Bieber,Music,227400000.0,India,314200.0,445300.0
460,Justin Timberlake,Music,64200000.0,United States,323300.0,432900.0
461,Juventus,Sports with a ball,52900000.0,India,61800.0,89400.0
463,Kylian MbappeÌ,Sports with a ball,68900000.0,France,3000000.0,4300000.0
464,Kajal A Kitchlu,Cinema & Actors/actresses,21700000.0,India,527300.0,638000.0
465,KakaÌ,Sports with a ball,17900000.0,Brazil,83600.0,136100.0
467,Kapil Sharma,Cinema & Actors/actresses,39800000.0,India,690200.0,789300.0
468,Kareena Kapoor Khan,Lifestyle,8900000.0,India,367400.0,458300.0
469,Karim Benzema,Sports with a ball,47400000.0,France,981200.0,1400000.0
471,KAROL G,Music,50800000.0,Mexico,4500000.0,5400000.0
472,KARTIK AARYAN,Cinema & Actors/actresses,23800000.0,India,472200.0,588200.0
473,KATHERINE LANGFORD,Cinema & Actors/actresses,25700000.0,India,241900.0,346400.0
474,Katrina Kaif,Beauty,62900000.0,India,1000000.0,1100000.0
475,KATY PERRY,Music,156600000.0,Brazil,231800.0,302600.0
476,KAWTAR BA-MOHAMED,Cinema & Actors/actresses,7200000.0,Morocco,275900.0,374100.0
478,Keerthy Suresh,Fashion,12500000.0,India,650700.0,743600.0
479,Kehlani,Music,13700000.0,United States,210500.0,328200.0
480,Kendall,Modeling,227400000.0,United States,3400000.0,5500000.0
481,Kenia Os,Music,12600000.0,Mexico,545200.0,709000.0
482,å±±ï¨‘è³¢äºº,Cinema & Actors/actresses,4900000.0,Japan,583000.0,677100.0
483,kenzie â™¡,Art/Artists,14800000.0,United States,232400.0,353600.0
484,Kevin De Bruyne,Sports with a ball,16800000.0,United Kingdom,247500.0,382900.0
485,Kevin Hart,Cinema & Actors/actresses,140200000.0,United States,111300.0,141000.0
486,KR â™›,Music,10100000.0,Mexico,180200.0,291400.0
487,Ğ¥Ğ°Ğ±Ğ¸Ğ± ĞÑƒÑ€Ğ¼Ğ°Ğ³Ğ¾Ğ¼ĞµĞ´Ğ¾Ğ²,Fitness & Gym,33299999.999999996,Russia,252600.0,353300.0
489,KhloeÌ Kardashian,Clothing & Outfits,230200000.0,United States,991100.0,1200000.0
490,KIARA,Cinema & Actors/actresses,22100000.0,India,828800.0,939300.0
491,Kiernan Shipka,Cinema & Actors/actresses,8100000.0,Brazil,207300.0,335800.0
492,KIM LOAIZA ğŸ–¤,Clothing & Outfits,33900000.0,Mexico,995000.0,1200000.0
493,SUHO,Lifestyle,9700000.0,Indonesia,1400000.0,1700000.0
494,Kim Kardashian,Fashion,296400000.0,United States,2000000.0,2900000.0
495,Kim Shantal ğŸŒ¹,Music,11600000.0,Mexico,203300.0,237800.0
496,Arturo Vidal,Sports with a ball,16700000.0,Italy,120800.0,194800.0
497,King Bach,Music,22100000.0,United States,120600.0,242000.0
498,ğŸ‘‘,Sports with a ball,116600000.0,United States,952900.0,1600000.0
499,Ryan Garcia,Fitness & Gym,8700000.0,United States,209500.0,316600.0
500,NANNO | KITTYCHICHA AMATAYAKUL,Lifestyle,4200000.0,Philippines,678800.0,823400.0
501,KJ Apa,Cinema & Actors/actresses,19000000.0,United States,1000000.0,1500000.0
502,ğŸ‡¯ğŸ‡²ğŸ¦‚ğŸ‡¸ğŸ‡»,Lifestyle,8199999.999999999,United States,198800.0,336600.0
503,Klay Thompson,Sports with a ball,11600000.0,United States,202300.0,294700.0
504,Kourtney â¤ï¸,Lifestyle,166400000.0,United States,674500.0,961200.0
505,Kris Jenner,Shows,46600000.0,United States,119600.0,183400.0
506,Kriti,Modeling,47300000.0,India,565500.0,658200.0
507,KSI,Music,11200000.0,United Kingdom,611700.0,857500.0
508,KUN,Lifestyle,6500000.0,Indonesia,802400.0,1000000.0
509,Sergio Leonel AguÌˆero,Sports with a ball,22400000.0,Argentina,458400.0,794500.0
510,Kylie ğŸ¤,Fashion,323300000.0,United States,7600000.0,12300000.0
511,Song hyekyo,Cinema & Actors/actresses,12900000.0,Indonesia,636200.0,810500.0
512,K.A.I HÃ©lÃ ,Sports with a ball,16200000.0,United States,142700.0,216800.0
513,L7,Lifestyle,6300000.0,Brazil,214000.0,507900.0
514,LA SEGURA â™› â™¥,Cinema & Actors/actresses,8199999.999999999,Colombia,335200.0,411300.0
515,Laci Kay Somers,Music,11800000.0,United States,147500.0,253700.0
516,âœ¨LA DIVAZAâœ¨,Music,6800000.0,Mexico,388900.0,474500.0
517,Lady Gaga,Music,51900000.0,United States,498300.0,700000.0
518,Los Angeles Lakers,Sports with a ball,19300000.0,United States,85800.0,132400.0
519,LISA,Music,75700000.0,Indonesia,7500000.0,8600000.0
520,Lamborghini,Luxury,31600000.0,India,174400.0,240500.0
522,Lara Silva ğŸ’¦,Shows,16800000.0,Brazil,789000.0,1200000.0
523,Larissa Manoela,Cinema & Actors/actresses,44800000.0,Brazil,192100.0,320400.0
524,larri,Lifestyle,6700000.0,United States,357000.0,521500.0
525,Lauren London,Cinema & Actors/actresses,9700000.0,United States,217700.0,371600.0
527,Lea Elui G,Modeling,11700000.0,India,428400.0,719500.0
528,ì´ë™ìš± (Official_Instagram),Cinema & Actors/actresses,14100000.0,Indonesia,1000000.0,1400000.0
529,á„‹á…µá„‹á…²á„†á…µ,Photography,8100000.0,South Korea,562700.0,688800.0
530,Leigh-Anne Pinnock,Music,8500000.0,Brazil,279100.0,398000.0
531,Lele Pons,Music,47700000.0,Mexico,724300.0,1100000.0
532,Leo Messi,Sports with a ball,315400000.0,Argentina,4000000.0,5300000.0
533,Leonardo DiCaprio,Cinema & Actors/actresses,52800000.0,United States,132000.0,166200.0
534,Ğ’Ğ°Ğ»ĞµÑ€Ğ¸Ñ Ğ§ĞµĞºĞ°Ğ»Ğ¸Ğ½Ğ°,Lifestyle,10500000.0,Russia,713000.0,923300.0
535,Lestikejora,Music,24900000.0,Indonesia,372900.0,484000.0
536,Scott Disick,Lifestyle,26500000.0,United States,61500.0,92200.0
537,Lewis Hamilton,Racing Sports,27500000.0,Brazil,819900.0,1200000.0
538,Lexi Rivera,Shows,8400000.0,United States,778000.0,975400.0
539,Liam Payne,Music,24100000.0,United States,420400.0,585500.0
540,WHAM,Music,18800000.0,United States,475400.0,876500.0
541,DURKIOOO,Music,13000000.0,United States,162100.0,458200.0
542,Lili Reinhart,Cinema & Actors/actresses,29000000.0,Brazil,1500000.0,2200000.0
543,MONTERO,Music,12200000.0,United States,815500.0,1400000.0
545,Lily Collins,Cinema & Actors/actresses,26900000.0,United States,314300.0,467300.0
546,Lina Tejeiro.,Cinema & Actors/actresses,9200000.0,Colombia,237700.0,287000.0
547,Lisa Kudrow,Cinema & Actors/actresses,8500000.0,India,356600.0,475700.0
548,MAWZğŸ’¬,Music,7200000.0,Argentina,438700.0,578400.0
549,Melanie Martinez,Music,11100000.0,Brazil,913100.0,1200000.0
550,Little Mix,Music,15400000.0,Brazil,172100.0,232000.0
551,Liverpool Football Club,Sports with a ball,36700000.0,United Kingdom,100200.0,138200.0
552,Liza Koshy,Cinema & Actors/actresses,19600000.0,United States,156300.0,208800.0
553,Liza Soberano,Beauty,16900000.0,Philippines,243100.0,289900.0
554,Elizabeth Gillies,Music,13900000.0,Mexico,563000.0,816300.0
555,Lizzo,Music,12100000.0,United States,213100.0,298300.0
556,Logan Paul,Fitness & Gym,22500000.0,United States,549400.0,733800.0
558,loren gray,Fashion,22500000.0,United States,137300.0,227300.0
559,BaÌrbara Passos,Lifestyle,9200000.0,Brazil,200100.0,323500.0
560,Victor Augusto,Lifestyle,10400000.0,Brazil,511200.0,652300.0
561,Louis Tomlinson,Music,18200000.0,Brazil,1100000.0,1500000.0
562,Louis Vuitton,Fashion,47700000.0,Brazil,46200.0,59700.0
563,Lucas Lira,Humor & Fun & Happiness,5800000.0,Brazil,296500.0,434300.0
564,LUCAS RANGEL,Lifestyle,19200000.0,Brazil,186800.0,412300.0
565,Lucy Hale,Cinema & Actors/actresses,24300000.0,United States,183500.0,240400.0
566,Ludmilla,Music,26500000.0,Brazil,143500.0,212600.0
567,Luisa Fernanda W,Lifestyle,16900000.0,Colombia,106300.0,162100.0
568,LUÃSA SONZA,Music,28200000.0,Brazil,125100.0,198900.0
569,Luisillo El Pillo,Humor & Fun & Happiness,31700000.0,Mexico,939800.0,1200000.0
570,Luis Suarez,Sports with a ball,43000000.0,Brazil,238800.0,356500.0
571,Luka Modric,Sports with a ball,21600000.0,Spain,419800.0,616300.0
572,EL NINÌƒO ğŸ‘¶ğŸ»,Music,10300000.0,Mexico,202600.0,296600.0
575,MUN KA YOUNG,Cinema & Actors/actresses,7900000.0,Indonesia,1100000.0,1500000.0
576,Mesut OÌˆzil,Sports with a ball,24000000.0,Turkey,526600.0,738300.0
577,the Blonde Don,Music,9600000.0,United States,284000.0,457500.0
578,maddie,Cinema & Actors/actresses,13900000.0,United States,533400.0,799900.0
579,Madelaine Petsch,Cinema & Actors/actresses,25300000.0,Russia,1300000.0,1800000.0
581,Madhuri Dixit,Music,30600000.0,India,297200.0,343100.0
582,Maddie Baby,Lifestyle,6700000.0,United States,416400.0,779300.0
583,Madison Beer,Music,30600000.0,United States,630200.0,940900.0
584,Mahe Man,Cinema & Actors/actresses,15700000.0,Iran,154300.0,212900.0
585,#NAME?,Music,42000000.0,Brazil,343700.0,468000.0
586,MALUMA,Music,61600000.0,Italy,329200.0,507600.0
587,MaluÌ ğŸ¦‹ 222ğŸ¤,Music,11200000.0,United States,277200.0,496800.0
588,Manchester United,Sports with a ball,56500000.0,United Kingdom,116600.0,188800.0
589,Manelyk Gonzalez,Music,14100000.0,Mexico,179500.0,240400.0
590,MaÌŠneskin,Lifestyle,6000000.0,Italy,519400.0,733500.0
591,manu rios,Shows,9900000.0,Mexico,572700.0,966000.0
592,Marcelo Vieira,Sports with a ball,53000000.0,Spain,413500.0,622200.0
593,Marc MaÌrquez,Racing Sports,6600000.0,Indonesia,478200.0,634500.0
594,Marco Asensio,Sports with a ball,13600000.0,Spain,194300.0,298300.0
595,Marcus Rashford MBE,Sports with a ball,12700000.0,United Kingdom,401900.0,635500.0
597,Maria Becerra,Music,8600000.0,Argentina,332300.0,785000.0
598,MariÌa Pedraza,Cinema & Actors/actresses,12000000.0,Spain,279600.0,369000.0
599,Mari Maria,Beauty,19900000.0,Brazil,126600.0,242700.0
600,Marina Ruy Barbosa,Cinema & Actors/actresses,39800000.0,Brazil,86600.0,130100.0
601,Markiplier,Shows,9800000.0,United States,406500.0,463300.0
602,Mark Ruffalo,Cinema & Actors/actresses,20500000.0,Brazil,194300.0,244200.0
603,Mark Tuan,Music,12100000.0,Thailand,667100.0,877200.0
604,marshmello,Music,29200000.0,India,345600.0,406600.0
605,Martin Garrix,Music,15600000.0,Mexico,152800.0,216300.0
606,Marvel Entertainment,Cinema & Actors/actresses,62700000.0,United States,180100.0,212500.0
607,Marvel Studios,Cinema & Actors/actresses,36100000.0,India,225500.0,252600.0
608,Mathilde,Lifestyle,10300000.0,United States,310200.0,470000.0
609,MATUÃŠ,Lifestyle,6100000.0,Brazil,186000.0,408100.0
610,Maude Apatow,Lifestyle,4800000.0,United States,577000.0,955100.0
611,Maudy Ayunda,Music,15400000.0,Indonesia,110900.0,163500.0
612,Max Verstappen,Racing Sports,8199999.999999999,United States,398700.0,524400.0
613,Megan Fox,Cinema & Actors/actresses,19900000.0,United States,2100000.0,3400000.0
614,Mehraad Jam,Music,4700000.0,Iran,385000.0,564100.0
616,MEL MAIA ğŸ¯,Music,11500000.0,Brazil,245100.0,444100.0
617,LaMelo Ball,Sports with a ball,8300000.000000001,United States,298100.0,605600.0
618,Memezar â€¢ Comedy and Culture,Cinema & Actors/actresses,23700000.0,United States,325600.0,484700.0
619,Memphis Depay,Sports with a ball,14200000.0,France,191600.0,339100.0
620,Mercedes-Benz,Cars & Motorbikes,35300000.0,Iran,75000.0,106800.0
621,Mia K.,Fitness & Gym,27700000.0,India,1500000.0,2300000.0
622,Michael B. Jordan,Cinema & Actors/actresses,18400000.0,United States,452900.0,751000.0
623,michael clifford,Music,5800000.0,United States,291900.0,427900.0
624,Michelle Obama,Finance & Economics,49100000.0,United States,132300.0,150200.0
625,Miguel Bernardeau,Cinema & Actors/actresses,7000000.0,Spain,260800.0,384500.0
626,Miguel HerraÌn,Cinema & Actors/actresses,14200000.0,Brazil,998200.0,1500000.0
627,Mike Tyson,Fitness & Gym,18100000.0,United States,122800.0,157300.0
628,ĞœĞ¸Ñ…Ğ°Ğ¸Ğ» Ğ›Ğ¸Ñ‚Ğ²Ğ¸Ğ½,Shows,14600000.0,Russia,972000.0,1200000.0
629,Milad Ghasemikhah pargam,Lifestyle,5600000.0,Iran,365100.0,512700.00000000006
630,Miley Cyrus,Music,163800000.0,United States,439700.0,594900.0
631,Millie Bobby Brown,Cinema & Actors/actresses,48200000.0,Brazil,2100000.0,2700000.0
632,ğ•„ ğ•€ ğ•„ ğ•€  ğ•‚ ğ”¼ ğ”¼ â„• ğ”¼,Cinema & Actors/actresses,4300000.0,United Kingdom,765800.0,1400000.0
633,ê¹€ë¯¼ê·œ,Music,6000000.0,Indonesia,1100000.0,1300000.0
634,ê¹€ë¯¼ê·œ,Shows,3300000.0,Indonesia,893500.0,1100000.0
635,Miranda Cosgrove,Music,9800000.0,Brazil,213500.0,333600.0
636,BAD MI âš¡ï¸ MC MIRELLA,Music,26600000.0,Brazil,230400.0,486700.0
639,Mohamed Ramadan,Music,20100000.0,Egypt,93900.0,129900.0
640,Shakti Mohan,Art/Artists,14900000.0,India,207000.0,248000.0
642,Mohamed Salah,Sports with a ball,49000000.0,Egypt,1200000.0,1700000.0
643,FAISAL SHAIKH,Modeling,26900000.0,India,362000.0,462100.0
644,MrBeast,Shows,18000000.0,United States,1400000.0,1800000.0
645,Siew Pui Yi ğŸ¤,Adult content,17200000.0,United States,384000.0,491900.0
646,Marc ter Stegen,Sports with a ball,13300000.0,Spain,280000.0,422000.0
647,MICHAEL,Music,9400000.0,Spain,207900.0,376100.0
649,Nabilla Vergara âœ¨,Beauty,7200000.0,France,266800.0,367400.0
650,Nadin Serovski,Family,9400000.0,Russia,515700.00000000006,710100.0
651,å°å®®å¸Œç¾ ğŸ¤,Music,11100000.0,Philippines,319900.0,354600.0
652,nai,Shows,5000000.0,United States,482400.0,712700.0
653,Nani,Sports with a ball,4800000.0,India,517799.99999999994,559000.0
654,Nancy Ajram,Music,32400000.0,Iraq,140300.0,179500.0
655,Narendra Modi,Finance & Economics,66500000.0,India,1500000.0,1700000.0
656,â€¢â€¢Narins Beautyâ€¢â€¢,Lifestyle,8400000.0,Syria,351600.0,429000.0
657,NASA,Science,75300000.0,India,564500.0,653200.0
658,Natalie Lee,Modeling,6900000.0,United States,286600.0,366100.0
659,Natasha Wilona,Beauty,37500000.0,Indonesia,233300.0,278600.0
660,National Geographic,Nature & landscapes,214600000.0,United States,124700.0,145500.0
661,National Geographic Travel,Nature & landscapes,45400000.0,United States,50600.0,56900.0
662,NATTI NATASHA,Music,35400000.0,Mexico,281100.0,338300.0
663,navid mohammadzadeh,Cinema & Actors/actresses,8199999.999999999,Iran,541400.0,764000.0
664,Nazriya Nazim Fahadh,Lifestyle,5500000.0,India,371800.0,497800.0
665,NBA,Sports with a ball,65800000.0,United States,40600.0,68200.0
666,Noah,Cinema & Actors/actresses,17000000.0,Brazil,200300.0,333600.0
667,NCT Official Instagram,Music,13600000.0,Indonesia,624900.0,819900.0
669,NCT 127 Official Instagram,Music,13700000.0,Indonesia,787200.0,972300.0
670,Neha Kakkar (Mrs. Singh),Music,68500000.0,India,664800.0,774400.0
671,Neha Sharma ğŸ’«,Cinema & Actors/actresses,13900000.0,India,232800.0,267600.0
672,Neslihan AtaguÌˆl DogÌ†ulu,Cinema & Actors/actresses,13000000.0,Turkey,670600.0,842600.0
674,Netflix US,Cinema & Actors/actresses,29500000.0,Brazil,65000.0,105900.0
675,Netflix Brasil,Shows,29900000.0,Brazil,103700.0,177500.0
676,NJ ğŸ‡§ğŸ‡·,Sports with a ball,172000000.0,Brazil,1600000.0,2300000.0
677,Niall Horan,Music,29400000.0,United States,1200000.0,1800000.0
678,Niana,Music,14000000.0,Indonesia,410600.0,514799.99999999994
680,Barbie,Music,181600000.0,United States,393700.0,615200.0
681,Nick Jonas,Music,32299999.999999996,United States,164000.0,233000.0
682,NICKY JAM,Music,42700000.0,Colombia,290900.0,347000.0
683,NICOLE,Lifestyle,5300000.0,Mexico,384900.0,503400.0
684,Nike,Fitness & Gym,208900000.0,United States,129500.0,175500.0
685,Nike Football (Soccer),Sports with a ball,44300000.0,Brazil,74800.0,117400.0
686,Nikita,Beauty,9100000.0,United States,368000.0,562100.0
687,NikkieTutorials,Beauty,15600000.0,United States,353800.0,480500.0
688,Nina Dobrev,Cinema & Actors/actresses,25500000.0,Brazil,778500.0,1100000.0
689,Nita Shilimkar,Fashion,10300000.0,India,351100.0,464900.0
690,Noah Beck,Sports with a ball,9000000.0,United States,317300.0,523000.0
691,Noah Schnapp,Cinema & Actors/actresses,20100000.0,Brazil,1300000.0,1700000.0
694,Christian Nodal ğŸ‡²ğŸ‡½ ğŸŒµğŸ’š,Music,8400000.0,Mexico,252400.0,415500.0
695,G HERBO,Music,7400000.0,United States,156200.0,374700.0
696,Ù†ÙˆØ± Ø³ØªØ§Ø±Ø² | Noor Stars,Shows,12600000.0,Iraq,149500.0,199600.0
697,Nora Fatehi,Cinema & Actors/actresses,38600000.0,India,865800.0,1100000.0
698,Normani,Lifestyle,7000000.0,United States,313800.0,490900.0
699,Nusr_et#Saltbae,Food & Cooking,43500000.0,Turkey,192900.0,285400.0
700,Believe,Sports with a ball,10300000.0,Spain,468600.0,804000.0
701,Odell Beckham Jr,Sports with a ball,15800000.0,United States,339500.0,645800.0
703,Sly Stallone,Art/Artists,14800000.0,United States,162900.0,206300.0
704,OFFSET,Music,19700000.0,United States,313300.0,559800.0
705,Olivia Rodrigo,Music,22900000.0,India,2800000.0,3500000.0
706,"Javon ""Wanna"" Walton",Lifestyle,5100000.0,United States,1000000.0,1700000.0
708,SEHUN,Music,22900000.0,Indonesia,1900000.0,2400000.0
709,@ozutochi ğŸ”œ #TemporadaDelOzo,Music,22200000.0,Spain,167100.0,225300.0
711,Paolla Oliveira,Cinema & Actors/actresses,33600000.0,Brazil,127600.0,167400.0
712,Parineeti Chopra,Cinema & Actors/actresses,35200000.0,India,357500.0,412100.0
713,Paulo Dybala,Sports with a ball,45800000.0,Argentina,662900.0,1100000.0
714,Paulo londra,Music,12600000.0,Argentina,1200000.0,1900000.0
715,Paul Labile Pogba,Sports with a ball,52800000.0,Brazil,353400.0,628500.0
716,Paul Walker,Cinema & Actors/actresses,14600000.0,India,217200.0,297800.0
717,Paul Wesley,Cinema & Actors/actresses,12200000.0,Brazil,640000.0,958000.0
718,Padre FÃ¡bio de Melo,Lifestyle,25500000.0,Brazil,81600.0,122900.0
719,Perrie Edwards ğŸ–¤,Modeling,14500000.0,Brazil,523100.0,816700.0
720,P e r s e p o l i s,Sports with a ball,7600000.0,Iran,276500.0,393200.0
721,PewDiePie,Computers & Gadgets,21900000.0,United States,1200000.0,1400000.0
722,Peyton List,Cinema & Actors/actresses,19700000.0,United States,360000.0,541500.0
723,ğ’ğğ ğğ… ğ€ ğğ‡ğ€ğ‘ğ€ğğ‡,Music,13500000.0,United States,126400.0,181100.0
724,Philippe Coutinho,Sports with a ball,24500000.0,Brazil,456200.0,740900.0
725,Phoebe Tonkin,Beauty,8199999.999999999,United States,236800.0,338600.0
726,ë°•í˜•ì‹ / PARKHYUNGSIK,Business & Careers,9500000.0,Indonesia,2000000.0,2600000.0
728,PlayStation,Computers & Gadgets,28900000.0,United States,80500.0,99300.0
729,pokimane â¤,Lifestyle,6000000.0,United States,526700.0,694800.0
730,ĞĞĞ¯ ĞŸĞĞšĞ ĞĞ’ - ĞĞĞ¢Ğ˜Ğ“Ğ Ğ£Ğ¡Ğ¢Ğ˜ĞğŸ¥‘â¤ï¸,Shows,7300000.0,Russia,350300.0,408100.0
731,Polo.GğŸ,Music,10200000.0,United States,416900.0,685700.0
733,Porsche,Cars & Motorbikes,26400000.0,United States,97100.0,124400.0
734,twelve carat toothache,Music,22300000.0,United States,407300.0,623100.0
735,Chris Pratt,Cinema & Actors/actresses,35500000.0,United States,193000.0,250900.0
736,Premier League,Sports with a ball,55400000.0,United Kingdom,49500.0,69500.0
737,Jason Momoa,Cinema & Actors/actresses,16800000.0,United States,141000.0,181300.0
738,Prilly Latuconsina,Cinema & Actors/actresses,46600000.0,Indonesia,56400.0,81600.0
739,Priyanka,Cinema & Actors/actresses,75700000.0,India,643000.0,778200.0
740,Paris Saint-Germain,Sports with a ball,58000000.0,Brazil,295800.0,495000.0
741,Pubity,Humor & Fun & Happiness,31600000.0,United States,214500.0,313300.0
742,Mark Pugachev,Cars & Motorbikes,10000000.0,Russia,358100.0,525900.0
744,QuavoHuncho,Music,20800000.0,United States,103000.0,170100.0
745,Raashii Khanna,Cinema & Actors/actresses,8100000.0,India,256600.00000000003,305900.0
746,á„‡á…¡á†¨á„†á…µá†«á„‹á…§á†¼ Minyoung Park,Cinema & Actors/actresses,9700000.0,Indonesia,784600.0,977100.0
747,Rachel Vennya Roland,Kids & Toys,6700000.0,Indonesia,176400.0,372500.0
748,Rafa Nadal,Sports with a ball,14000000.0,Spain,228700.0,286300.0
749,Rafael Uccman,Lifestyle,8600000.0,Brazil,227100.0,472900.0
750,RAFA KALIMANN,Modeling,22800000.0,Brazil,90900.0,163300.0
751,Raffi Ahmad and Nagita Slavina,Shows,60600000.0,Indonesia,37400.0,52500.0
752,KL RahulğŸ‘‘,Sports with a ball,11900000.0,India,676900.0,788500.0
754,Rakul Singh,Cinema & Actors/actresses,19200000.0,India,334100.0,392500.0
755,Ranveer Singh,Cinema & Actors/actresses,38900000.0,India,314700.0,408400.0
756,Raphael Varane,Sports with a ball,18400000.0,Spain,200800.0,301400.0
757,Rashmika Mandanna,Beauty,30000000.0,India,1700000.0,2000000.0
758,Ratan Tata,Business & Careers,5900000.0,India,952200.0,1100000.0
759,RAâ€™ RAUW,Music,13700000.0,Spain,382400.0,553000.0
760,Barbara Palvin,Modeling,17500000.0,Russia,480200.0,649000.0
761,HK,Cinema & Actors/actresses,16700000.0,India,189500.0,233600.0
762,Real Madrid C.F.,Sports with a ball,113000000.0,Spain,407200.0,563100.0
763,Shadmehr Aghili,Music,7600000.0,Iran,330200.0,460800.0
764,Stray Kids,Music,20100000.0,Indonesia,1700000.0,2000000.0
765,Red Velvet Official,Music,11400000.0,Indonesia,327900.0,398900.0
766,Reese Witherspoon,Cinema & Actors/actresses,27600000.0,United States,152500.0,183700.0
768,IRENE,Lifestyle,9900000.0,Indonesia,1400000.0,1700000.0
769,ReneÌ PeÌrez Joglar,Music,8700000.0,Colombia,480400.0,743900.0
770,reyn,Music,7000000.0,Turkey,418000.0,531500.0
771,Mohammad Reza Golzar,Cinema & Actors/actresses,11700000.0,Iran,178500.0,263100.0
772,RICIS,Lifestyle,30300000.0,Indonesia,868200.0,1100000.0
773,Ricky Martin,Music,16700000.0,Argentina,141200.0,190400.0
774,Rishabh Pant,Sports with a ball,6100000.0,India,496500.0,589600.0
775,Riteish Deshmukh,Art/Artists,13800000.0,India,282200.0,328900.0
776,RM26,Sports with a ball,8500000.0,Algeria,333900.0,429900.0
777,Riyaz Aly,Lifestyle,26100000.0,India,399800.0,519500.0
778,Muhammad Rizky Billar,Shows,12600000.0,Indonesia,322100.0,414800.0
781,Robert Downey Jr. Official,Cinema & Actors/actresses,51900000.0,India,1600000.0,2100000.0
782,ROBERTO FIRMINO,Sports with a ball,13200000.0,Brazil,144600.0,214900.0
783,Rockstar Games,Computers & Gadgets,22300000.0,United States,108500.0,135200.0
784,Roger Federer,Sports with a ball,9200000.0,Spain,484700.0,627900.0
785,Rohit Sharma,Sports with a ball,23300000.0,India,1100000.0,1200000.0
786,ğ‘ğ¨ğ¡ğ¢ğ­ ğ™ğ¢ğ§ğ£ğ®ğ«ğ¤ğ ~ ğ«ğğšğœğ­ğ¢ğ¨ğ§ğ›ğ¨ğ¢ ğŸ’«,Shows,21200000.0,India,788700.0,1100000.0
788,Romeo Santos,Music,19000000.0,United States,225000.0,277900.0
789,Ronaldo de Assis Moreira,Sports with a ball,65099999.99999999,Brazil,183800.0,317000.0
790,LA ROSALIÌA,Music,19500000.0,Spain,737000.0,967100.0
791,ROSEÌ,Music,57500000.0,Indonesia,4800000.0,5500000.0
792,Ross Shor Lynch,Music,10000000.0,United States,348300.0,695500.0
793,Ruben Onsu,Cinema & Actors/actresses,37900000.0,Indonesia,64200.0,79500.0
794,Ruby Rose,Modeling,18800000.0,United States,171300.0,225700.0
796,Sabrina Carpenter,Music,27100000.0,Brazil,1100000.0,1300000.0
797,Sachin Tendulkar,Sports with a ball,33500000.0,India,333400.0,399900.0
798,Sadie Sink,Modeling,15300000.0,Brazil,1200000.0,1700000.0
799,Sadio Mane,Sports with a ball,10400000.0,United Kingdom,350700.0,500300.0
800,Ø³Ø­Ø± Ù‚Ø±ÙŠØ´Ù‰ Sahar Ghoreyshi,Lifestyle,10700000.0,Iran,193800.0,283900.0
802,Salma Hayek Pinault,Cinema & Actors/actresses,20900000.0,United States,212100.0,262500.0
803,Samantha,Beauty,22900000.0,India,584900.0,701500.0
804,Samoylova Oxana,Family,15200000.0,Russia,897600.0,1200000.0
805,Sam Smith,Music,14600000.0,United States,223900.0,328400.0
806,Jadon Sancho,Sports with a ball,8300000.000000001,United Kingdom,411400.0,719600.0
807,Drinna,Lifestyle,10400000.0,Indonesia,252200.0,321600.0
808,Sara Ali Khan,Cinema & Actors/actresses,39700000.0,India,247900.0,302000.0
809,Sarah Hyland,Cinema & Actors/actresses,9100000.0,United States,223000.0,278900.0
810,Sarwendah29,Music,30800000.0,Indonesia,75400.0,89200.0
811,Savannah Rose LaBrant,Family,7000000.0,United States,597100.0,798400.0
812,icy bae ğŸŒ¸âœ¨ğŸŒ±â„ï¸,Cinema & Actors/actresses,13100000.0,United States,144700.0,336200.0
813,Sebastian Yatra,Music,29300000.0,Argentina,219300.0,305600.0
814,Selena Gomez,Music,308200000.0,United States,3300000.0,4400000.0
815,Sergio Ramos,Sports with a ball,49700000.0,Spain,606900.0,930300.0
817,Shahid Kapoor,Cinema & Actors/actresses,33500000.0,India,506700.0,574100.0
818,Shakira,Music,71900000.0,India,691100.0,947200.0
819,Shawn Mendes,Music,67400000.0,Brazil,809300.0,1200000.0
820,Shay Mitchell,Beauty,32600000.0,United States,304800.0,426300.0
821,Shehnaaz Gill,Cinema & Actors/actresses,11300000.0,India,396800.0,496300.0
822,Shikhar Dhawan,Sports with a ball,10800000.0,India,261000.0,298400.0
823,Shraddha âœ¶,Cinema & Actors/actresses,70500000.0,India,1100000.0,1300000.0
824,shreyaghoshal,Music,23700000.0,India,127700.0,142500.0
825,Shreyas Iyer,Sports with a ball,5900000.0,India,461700.0,575700.0
828,Sidharth Malhotra,Cinema & Actors/actresses,18700000.0,India,602400.0,750000.0
829,Simaria Mendes,Music,27600000.0,Brazil,223500.0,326200.0
830,Simone Mendes,Music,33700000.0,Brazil,327800.0,412200.0
831,Sina Valiollah,Shows,6800000.0,Iran,376400.0,474700.0
832,Sincero Oficial,Humor & Fun & Happiness,21100000.0,Brazil,109500.0,212600.0
834,á„‚á…¡á†·á„Œá…®á„’á…§á†¨,Cinema & Actors/actresses,17800000.0,Indonesia,1800000.0,2500000.0
835,á„‰á…®á†½á„‹á…µ  ğŸ’„ğŸ’…ğŸ‘¡ğŸ‘ ğŸ€ğŸ‘™ğŸŒ‚ğŸ‘—ğŸŒ‚ğŸ€ğŸ’‹ğŸ’Œ,Clothing & Outfits,17500000.0,Indonesia,871400.0,1100000.0
836,Smriti Mandhana,Sports with a ball,5900000.0,India,550900.0,637700.0
837,snoopdogg,Lifestyle,71800000.0,United States,60900.0,85500.0
838,â™¡sofia castro,Shows,8500000.0,Colombia,427400.0,582700.0
839,Sofia Vergara,Cinema & Actors/actresses,24800000.0,United States,109000.0,143000.0
840,Sommer Ray,Modeling,26700000.0,United States,242300.0,381300.0
841,ENNIK,Music,13900000.0,Indonesia,894600.0,1100000.0
842,Sonam Kapoor Ahuja,Fashion,31900000.0,India,145800.0,173500.0
844,Sonu Sood,Cinema & Actors/actresses,14100000.0,India,321300.0,367600.0
846,JISOOğŸ¤,Music,58600000.0,Indonesia,4700000.0,5400000.0
847,Sooyoung Choi,Beauty,6900000.0,Indonesia,348900.0,420700.0
848,Sophie Dee,Adult content,11600000.0,United States,186300.0,248000.0
849,S O P H I E T U R N E R,Cinema & Actors/actresses,14900000.0,United States,515900.0,693700.0
850,Sou Eu Na Vida,Humor & Fun & Happiness,17500000.0,Brazil,204600.0,389500.0
852,Danny Alfaro,Beauty,8000000.0,Mexico,329400.0,377400.0
853,Neiva Mara,Adult content,11400000.0,Brazil,212900.0,285900.0
854,SpaceX,Science,13300000.0,United States,201000.0,244900.0
855,SportsCenter,Sports with a ball,30000000.0,United States,125800.0,224200.0
856,ë°•ì‹ í˜œ/Shin Hye Park,Music,13500000.0,Indonesia,1300000.0,1600000.0
857,Stacey Solomon,Family,5100000.0,United Kingdom,409700.0,493600.0
858,Star Wars,Cinema & Actors/actresses,14900000.0,United States,182000.0,231400.0
859,Anastasia Karanikolaou,Lifestyle,10800000.0,United States,179400.0,264100.0
860,Wardell Curry,Sports with a ball,41100000.0,United States,565700.0,757600.0
861,STHE âš“ï¸,Lifestyle,9700000.0,Brazil,256800.0,590200.0
862,Stranger Things Netflix,Cinema & Actors/actresses,15600000.0,Brazil,433200.0,579500.0
863,Subhan Mamedov,Shows,9000000.0,Russia,294200.0,360400.0
864,SUGA (á„†á…µá†«á„‹á…²á†«á„€á…µ) Updates,Lifestyle,7900000.0,Indonesia,1200000.0,1400000.0
865,Sunny Leone,Beauty,51500000.0,India,312800.0,421700.0
867,Suresh Raina,Modeling,19100000.0,India,328700.0,371300.0
868,Sydney Sweeney,Lifestyle,11800000.0,United States,1800000.0,3400000.0
869,Syifa Hadju,Modeling,14900000.0,Indonesia,295700.0,365000.0
870,SZA,Music,11600000.0,United States,748600.0,1300000.0
871,Tom Felton,Music,11900000.0,United States,223400.0,289400.0
872,TAEHYUNG (ê¹€íƒœí˜•) Updates,Management & Marketing,10300000.0,Indonesia,2000000.0,2100000.0
874,TaeYeon,Music,18300000.0,South Korea,762000.0,925800.0
875,TainaÌ Costa,Music,15600000.0,Brazil,478300.0,998900.0
876,Tamannaah Bhatia,Music,15900000.0,India,344400.0,401900.0
877,Tamer Hosny,Music,22000000.0,Egypt,110500.0,134100.0
878,Tata Werneck,Cinema & Actors/actresses,52100000.0,Brazil,80800.0,123500.0
879,Taylor Hill,Art/Artists,18900000.0,United States,115500.0,172900.0
880,Taylor Swift,Music,204700000.0,Brazil,2300000.0,3100000.0
881,TimotheÌe Chalamet,Cinema & Actors/actresses,17500000.0,United States,2300000.0,3800000.0
882,Ed Sheeran,Music,37700000.0,United States,161000.0,219800.0
883,Tejasswi Prakash,Beauty,5500000.0,India,424700.0,513400.0
884,TEN_+â€¢10,Music,9400000.0,Indonesia,1100000.0,1400000.0
885,Jimmy Neutch- Shumpert,Music,14600000.0,United States,153900.0,261200.0
886,thoriq halilintar,Shows,6500000.0,Indonesia,476900.0,590200.0
887,Kerem BuÌˆrsin,Cinema & Actors/actresses,10300000.0,Russia,891200.0,1200000.0
888,Vijay Deverakonda,Cinema & Actors/actresses,14800000.0,India,984900.0,1200000.0
889,Ellen DeGeneres,Shows,116800000.0,United States,29200.0,33300.0
890,Megan Thee Stallion,Music,28200000.0,United States,504000.0,879900.0
891,thefatjewish,Humor & Fun & Happiness,10100000.0,United States,186900.0,244400.0
892,JTğŸ¦‹,Music,5100000.0,United States,234400.0,641800.0
894,Yash,Cinema & Actors/actresses,5900000.0,India,813100.0,964900.0
895,Iggy Azalea,Music,15800000.0,United States,233600.0,378200.0
896,Conor McGregor Official,Fitness & Gym,45000000.0,United States,435400.0,631500.0
897,Caleb McLaughlin,Cinema & Actors/actresses,11100000.0,Brazil,278700.0,398600.0
898,Joseph Morgan,Cinema & Actors/actresses,7800000.0,Brazil,411300.0,514100.0
899,therock,Cinema & Actors/actresses,307000000.0,India,303400.0,396000.0
900,Shilpa Shetty Kundra,Cinema & Actors/actresses,24800000.0,India,107100.0,124000.0
901,The Weeknd,Music,37500000.0,United States,725800.0,983900.0
902,Thiago Silva,Sports with a ball,18900000.0,Brazil,122800.0,207200.0
904,GOTTI A,Music,4300000.0,Argentina,333400.0,761600.0
905,tiffany young,Modeling,11600000.0,Indonesia,240500.0,301200.0
906,Tiger Shroff,Cinema & Actors/actresses,33800000.0,India,331600.0,405000.0
907,13,Music,18000000.0,Russia,151200.0,202400.0
908,tini,Music,17400000.0,Argentina,631400.0,844700.0
910,Tom Brady,Sports with a ball,11800000.0,United States,458600.0,847900.0
911,Tom Cruise,Cinema & Actors/actresses,6200000.0,India,465000.0,645700.0
912,TommyInnit,Lifestyle,3600000.0,France,724800.0,817400.0
913,Toni Kroos,Sports with a ball,31900000.0,Germany,178800.0,244100.0
914,flame,Music,44800000.0,United States,1400000.0,2100000.0
915,Trent Alexander-Arnold,Lifestyle,6600000.0,United Kingdom,298900.0,438300.0
916,555,Music,12800000.0,United States,530700.0,1000000.0
917,troye sivan,Art/Artists,12600000.0,United States,157200.0,225600.0
918,TR1 â›ˆ,Music,6700000.0,Argentina,479200.0,745700.0
919,TWICE,Music,24600000.0,Indonesia,1300000.0,1600000.0
921,T-Raww,Music,32400000.0,United States,689200.0,1000000.0
922,tyler jÃ¸seph,Music,5500000.0,United States,628200.0,941300.0
924,Urassaya Sperbund,Cinema & Actors/actresses,11400000.0,Thailand,181600.0,220800.0
925,Mahesh Babu,Cinema & Actors/actresses,8100000.0,India,527500.0,580400.0
926,UÌrsula CorberoÌ âœ¨,Cinema & Actors/actresses,24600000.0,Brazil,2000000.0,2900000.0
927,URVASHI RAUTELA ğŸ‡®ğŸ‡³,Cinema & Actors/actresses,46400000.0,India,193400.0,229900.0
928,Valentina Zenere,Modeling,8500000.0,Brazil,259000.0,315400.0
929,Valentino Rossi,Racing Sports,13300000.0,Indonesia,310500.0,405300.0
930,Ryan Reynolds,Cinema & Actors/actresses,42400000.0,United States,325200.0,422400.0
931,ğŸ”®Vanessa HudgensğŸ”®,Cinema & Actors/actresses,44800000.0,United States,161100.0,262300.0
932,Vanessa Lopes,Lifestyle,10600000.0,Brazil,171900.0,559700.0
933,Vanessa Morgan,Music,9400000.0,United States,422300.0,600500.0
934,VarunDhawan,Cinema & Actors/actresses,40900000.0,India,403400.0,492300.0
935,DUTCHğŸ‡³ğŸ‡±,Adult content,5100000.0,United States,390300.0,548600.0
936,Vicky Kaushal,Cinema & Actors/actresses,13200000.0,India,1300000.0,1500000.0
937,Victoria Justice,Music,21800000.0,United States,226200.0,309800.0
938,Viih Tube,Cinema & Actors/actresses,22900000.0,Brazil,148000.0,279900.0
939,Vin Diesel,Cinema & Actors/actresses,79000000.0,Brazil,440500.0,568500.0
940,Vinicius Jr. âš¡ï¸ğŸ‡§ğŸ‡·,Sports with a ball,15800000.0,Brazil,909400.0,1500000.0
941,â€ ,Lifestyle,5600000.0,United States,687000.0,1400000.0
942,Violet Summers,Adult content,13500000.0,Italy,221300.0,303500.0
943,Virat Kohli,Sports with a ball,188100000.0,India,3100000.0,3400000.0
944,Virgil van Dijk,Sports with a ball,11500000.0,United Kingdom,235400.0,333600.0
945,Virginia Fonseca Costa,Shows,35800000.0,Brazil,1400000.0,2100000.0
946,Vivi Wanderley,Beauty,13100000.0,Brazil,200000.0,328400.0
947,KRYSTAL,Music,10100000.0,Indonesia,366600.0,475800.0
948,Golden State Warriors,Lifestyle,22200000.0,United States,81700.0,112800.0
949,æ¸¡è¾ºç›´ç¾ã€€Naomi watanabe,Cinema & Actors/actresses,9700000.0,Japan,339000.0,361000.0
950,Wayne Rooney,Sports with a ball,15500000.0,United Kingdom,139800.0,201400.0
951,ìš°ë„í™˜,Cinema & Actors/actresses,4400000.0,Indonesia,504800.0,669000.0
952,Whindersson Nunes,Humor & Fun & Happiness,57900000.0,Brazil,988300.0,1500000.0
954,Wilbur Soot,Music,3200000.0,United States,687500.0,883100.0
955,William  Levy / Actor Producer,Shows,10200000.0,Brazil,382900.0,514400.0
956,Will Smith,Cinema & Actors/actresses,62400000.0,United States,1900000.0,2400000.0
957,Willyrex,Shows,8600000.0,Spain,324100.0,385100.0
958,Win Metawin O.,Lifestyle,11700000.0,Philippines,1300000.0,1500000.0
959,BIG WIZğŸ¦…,Music,14200000.0,Nigeria,243300.0,473400.0
960,Cindy Kimberly,Modeling,6900000.0,United States,226500.0,376700.0
961,ValentiÌn Oliva,Music,6300000.0,Argentina,371200.0,567400.0
963,Xavi HernaÌndez,Sports with a ball,8100000.0,Spain,419400.0,629100.0
964,á„’á…¡á†«á„‰á…©á„’á…´,Lifestyle,8900000.0,Indonesia,1300000.0,1700000.0
966,The8 ë””ì—ì‡,Music,4300000.0,Indonesia,615900.0,776200.0
967,á„€á…¯á†«á„Œá…µá„‹á…­á†¼(æ¬Šå¿—é¾),Photography,20600000.0,Indonesia,785300.0,999100.0
968,MAKE OUT HILL,Music,20200000.0,United States,11800000.0,20800000.0
972,Yasmin Abdelaziz,Cinema & Actors/actresses,15400000.0,Egypt,185700.0,219900.0
973,Yasmine Sabri,Cinema & Actors/actresses,18400000.0,Egypt,158400.0,222800.0
974,YAS,Music,8000000.0,Iran,644000.0,894000.0
976,Yef,Lifestyle,8800000.0,Colombia,257000.0,376600.0
977,ì†ì˜ˆì§„,Cinema & Actors/actresses,6000000.0,Indonesia,537100.0,699000.0
979,Yeri,Lifestyle,10100000.0,Indonesia,620300.0,768100.0
984,á„€á…µá†·á„‹á…§á†¼á„ƒá…¢,Music,3800000.0,Indonesia,561400.0,741400.0
985,KYUM,Music,10800000.0,Thailand,634200.0,821700.0
986,Caresha ..ğŸ’—ğŸ’‹,Lifestyle,5300000.0,United States,184600.0,547800.0
988,ğ“¨ğ’–ğ’šğ’‚,Modeling,17100000.0,Mexico,389800.0,598200.0
989,Yuzvendra Chahal,Lifestyle,7500000.0,India,311500.0,379500.0
990,Zac Efron,Cinema & Actors/actresses,52100000.0,United States,598700.0,869300.0
991,Zach King,Shows,24500000.0,Indonesia,413900.0,637700.0
992,Zayn Malik,Music,44900000.0,India,3700000.0,5800000.0
993,ZeÌ,Music,23100000.0,Brazil,278100.0,487800.0
994,Ğ’Ğ¾Ğ»Ğ¾Ğ´Ğ¸Ğ¼Ğ¸Ñ€ Ğ—ĞµĞ»ĞµĞ½ÑÑŒĞºĞ¸Ğ¹,Cinema & Actors/actresses,16399999.999999998,Ukraine,174000.0,208100.0
995,Zendaya,Cinema & Actors/actresses,136100000.0,United States,6400000.0,8600000.0
996,zidane,Sports with a ball,31200000.0,Spain,546000.0,744100.0
997,KAI,Music,13900000.0,Indonesia,1300000.0,1600000.0
998,ZoeÌˆ Kravitz,Cinema & Actors/actresses,8199999.999999999,United States,583000.0,885500.0
999,ZoeÌˆ Sugg,Lifestyle,9400000.0,United Kingdom,208700.0,289300.0
