,youtuber name,channel name,Category,Subscribers,Audience Country,avg views,avg likes,avg comments
0,tseries,T-Series,Music & Dance,212100000.0,India,323700.0,9800.0,290.0
3,PewDiePie,PewDiePie,Animation,111400000.0,United States,1400000.0,80800.0,4600.0
4,MrBeast6000,MrBeast,Video games,92500000.0,United States,30600000.0,1700000.0,67700.0
7,WWEFanNation,WWE,Video games,86900000.0,United States,76600.0,2800.0,163.0
8,zeemusiccompany,Zee Music Company,Music & Dance,82700000.0,India,108700.0,4200.0,155.0
11,kidrauhl,Justin Bieber,Music & Dance,68100000.0,United States,2700000.0,162700.0,7900.0
13,CanalKondZilla,Canal KondZilla,Music & Dance,65500000.0,Brazil,36800.0,2300.0,153.0
14,BANGTANTV,BANGTANTV,Music & Dance,65000000.0,United States,2800000.0,598900.0,14200.0
15,sabtv,Sony SAB,Movies,64900000.00000001,India,46500.0,899.0,27.0
16,ibighit,HYBE LABELS,Music & Dance,64700000.0,United States,401700.0,62300.0,2600.0
18,filmigaane,Shemaroo Filmi Gaane,Music & Dance,59200000.0,India,64500.0,631.0,33.0
19,corycotton,Dude Perfect,Video games,57400000.0,United States,10300000.0,375700.0,9100.0
22,Marshmello,Marshmello,Music & Dance,55000000.0,United States,636000.0,47400.0,4900.0
23,BHOJPURIWAVE,Wave Music,Music & Dance,51500000.0,India,85800.0,1400.0,155.0
25,aajtaktv,Aaj Tak,News & Politics,50900000.0,India,8900.0,128.0,10.0
26,sonymusicindiaSME,Sony Music India,Music & Dance,50300000.0,India,60200.0,2600.0,75.0
27,tipsmusic,Tips Official,Music & Dance,49900000.0,India,230800.0,1800.0,85.0
30,tseriesbhakti,T-Series Bhakti Sagar,Music & Dance,48300000.0,India,26400.0,1200.0,73.0
32,JuegaGerman,JuegaGerman,Animation,45500000.0,Mexico,1400000.0,140700.0,4800.0
33,yrf,YRF,Music & Dance,45300000.0,India,184200.0,5500.0,104.0
34,Billie Eilish,Billie Eilish,Music & Dance,45100000.0,United States,1300000.0,149700.0,7200.0
36,whinderssonnunes,whinderssonnunes,Movies,43800000.0,Brazil,140800.0,17000.0,145.0
37,BRIGHT SIDE,BRIGHT SIDE,Animation,43200000.0,United States,79700.0,1900.0,137.0
38,KatyPerryMusic,Katy Perry,Music & Dance,42600000.0,United States,151600.0,10700.0,824.0
41,DjWalkzz,Alan Walker,Music & Dance,41600000.0,United States,146700.0,12900.0,378.0
42,sonymusicindiaVEVO,SonyMusicIndiaVEVO,Music & Dance,41200000.0,India,2300.0,136.0,19.0
44,speedrecordss,Speed Records,Music & Dance,40000000.0,India,42300.0,1800.0,79.0
45,A4,A4,Animation,39000000.0,Russia,12300000.0,650500.0,43900.0
52,gr6explode,GR6 EXPLODE,Music & Dance,37200000.0,Brazil,179600.0,11400.0,190.0
54,venus,Ishtar Music,Music & Dance,36500000.0,India,67800.0,790.0,59.0
55,Kimberly Loaiza,Kimberly Loaiza,Daily vlogs,36000000.0,Mexico,9200000.0,646500.0,42300.0
57,DaddyYankeeOFFTV,Daddy Yankee,Music & Dance,35800000.0,Argentina,1700000.0,174600.0,15800.0
67,vegetta777,VEGETTA777,Video games,32900000.0,Mexico,394200.0,31700.0,256.0
70,Goldmines Gaane Sune Ansune,Goldmines Gaane Sune Ansune,Music & Dance,32700000.000000004,India,65700.0,515.0,22.0
71,markiplierGAME,Markiplier,Animation,32500000.0,United States,3000000.0,165300.0,6000.0
74,abpnewstv,ABP NEWS,News & Politics,32100000.0,India,2600.0,35.0,3.0
75,NoCopyrightSounds,NoCopyrightSounds,Music & Dance,32100000.0,United States,535500.0,19700.0,1200.0
76,Desi Music Factory,Desi Music Factory,Music & Dance,32100000.0,India,10800000.0,396400.0,143600.0
77,Geet MP3,Geet MP3,Music & Dance,31900000.0,India,381400.0,25800.0,1000.0
81,tseriesapnapunjab,T-Series Apna Punjab,Music & Dance,31300000.0,India,34300.0,1400.0,64.0
82,SSSniperWolf,SSSniperWolf,Humor,31000000.0,United States,4900000.0,141900.0,7300.0
83,Mikecrack,Mikecrack,Animation,30900000.0,Mexico,3800000.0,277400.0,9600.0
84,GENIAL,GENIAL,Animation,30900000.0,Mexico,74300.0,2400.0,83.0
89,AllTrapNation,Trap Nation,Music & Dance,30500000.0,United States,129300.00000000001,4700.0,136.0
90,IndiaTV,IndiaTV,News & Politics,30500000.0,India,13600.0,219.0,11.0
93,SMTOWN,SMTOWN,Music & Dance,30200000.0,United States,478000.0,54700.0,3200.0
96,Ricis Official,Ricis Official,Music & Dance,29700000.0,Indonesia,782000.0,51600.0,1800.0
97,rezendeevil,rezendeevil,Video games,29700000.0,Brazil,230700.0,28700.0,463.0
98,AH,AH,Music & Dance,29600000.0,Indonesia,1400000.0,81100.0,4400.0
99,SpinninRec,Spinnin' Records,Music & Dance,29500000.0,United States,70300.0,2500.0,71.0
100,latenight,The Tonight Show Starring Jimmy Fallon,Music & Dance,29300000.0,United States,88800.0,2200.0,121.0
101,tseriesoldisgold,Bollywood Classics,Music & Dance,28900000.0,India,44400.0,530.0,39.0
104,DisneyMusicVEVO,DisneyMusicVEVO,Music & Dance,28500000.0,United States,2500000.0,63200.0,2000.0
105,UltraRecords,Ultra Music,Music & Dance,28300000.0,United States,30600.0,1200.0,48.0
106,jacksepticeye,jacksepticeye,Video games,28200000.0,United States,1900000.0,127600.0,5200.0
108,xoxxxoooxo,The Weeknd,Music & Dance,27700000.0,United States,355600.0,25300.0,1100.0
109,TheLateLateShow,The Late Late Show with James Corden,Animation,27500000.0,United States,78100.0,1600.0,112.0
110,ImagineDragons,ImagineDragons,Music & Dance,27500000.0,United States,1600000.0,95800.0,3600.0
116,WWRBhojpuri,Worldwide Records Bhojpuri,Music & Dance,26700000.0,India,119600.0,1700.0,129.0
117,SongsOfIndianCinema,Saregama Music,Music & Dance,26600000.0,India,31600.0,906.0,79.0
118,MrBeast Gaming,MrBeast Gaming,Animation,26500000.0,United States,23300000.0,732000.0,44000.0
120,TheDonato,TheDonato,Video games,26500000.0,Mexico,488100.0,56500.0,240.0
123,TheDiamondMinecart,DanTDM,Video games,26100000.0,United States,1300000.0,59500.0,3700.0
126,WorldStarHipHopTV,WORLDSTARHIPHOP,Music & Dance,25800000.0,United States,72700.0,2400.0,267.0
127,VanossGaming,VanossGaming,Animation,25600000.0,United States,1200000.0,57500.0,624.0
128,enchufetv,enchufetv,Humor,25600000.0,Ecuador,960600.0,99900.0,235.0
130,LosPolinesios,LosPolinesios,Daily vlogs,25400000.0,Mexico,620900.0,45600.0,997.0
135,smosh,Smosh,Animation,25000000.0,United States,193400.0,10800.0,382.0
136,xSkyHeLLxx,Renato Garcia,Toys,24800000.0,Brazil,1000000.0,112200.0,1500.0
138,zeenews,Zee News,News & Politics,24500000.0,India,78300.0,1300.0,80.0
140,WatchMojo,WatchMojo.com,Movies,24400000.0,United States,77700.0,2300.0,231.0
143,Jess No Limit,Jess No Limit,Music & Dance,24400000.0,Indonesia,363200.0,15400.0,1100.0
144,TwiNboTzVids,Lucas and Marcus,Animation,24400000.0,United States,472400.0,20300.0,749.0
146,jypentertainment,JYP Entertainment,Music & Dance,24200000.0,United States,2300000.0,455200.0,18400.0
148,James Charles,James Charles,Beauty,24200000.0,United States,1000000.0,54800.0,2200.0
149,davidguettavevo,David Guetta,Music & Dance,24000000.0,Brazil,267400.0,8700.0,358.0
152,ZHC,ZHC,Design/art,23800000.0,United States,5200000.0,195600.0,8900.0
153,adityamusic,Aditya Music,Music & Dance,23600000.0,India,49000.0,1200.0,36.0
154,Logan Paul,Logan Paul,Video games,23400000.0,United States,4300000.0,76200.0,3900.0
155,Rans Entertainment,Rans Entertainment,Music & Dance,23400000.0,Indonesia,755700.0,22900.0,675.0
156,NewOnNetflix,Netflix,Movies,23200000.0,United States,265200.0,5000.0,325.0
157,Chloe Ting,Chloe Ting,Fitness,23200000.0,United States,375700.0,17300.0,783.0
158,Troom Troom,Troom Troom,Toys,23000000.0,United States,339200.0,3700.0,107.0
160,Raffy Tulfo in Action,Raffy Tulfo in Action,Music & Dance,23000000.0,Philippines,399400.0,5800.0,773.0
162,JellyYT,Jelly,Video games,22800000.0,United States,260000.0,13200.0,450.0
163,ColdplayVEVO,Coldplay,Music & Dance,22800000.0,United States,66200.0,6900.0,188.0
165,Mister Max,Mister Max,DIY & Life Hacks,22600000.0,Russia,988200.0,22400.0,879.0
168,DrossRotzank,DrossRotzank,News & Politics,22400000.0,Mexico,2100000.0,151600.0,8100.0
169,Sandeep Maheshwari,Sandeep Maheshwari,Daily vlogs,22400000.0,India,652600.0,38800.0,2300.0
170,ABP NEWS HINDI,ABP NEWS HINDI,News & Politics,22300000.0,India,2000.0,25.0,6.0
173,THECHAINSMOKERS,The Chainsmokers,Humor,22200000.0,United States,62400.0,6200.0,97.0
174,netdmuzikk,netd müzik,Music & Dance,22000000.0,Turkey,15500.0,355.0,59.0
177,gmmgrammyofficial,GMM GRAMMY OFFICIAL,Music & Dance,21700000.0,Thailand,2400.0,53.0,2.0
178,Anuel AA,Anuel AA,Music & Dance,21600000.0,Colombia,104200.0,7400.0,373.0
180,Miss Katy,Miss Katy,Video games,21400000.0,Russia,604800.0,11200.0,626.0
183,Frost Diamond,Frost Diamond,Music & Dance,21200000.0,Indonesia,395100.0,21300.0,1200.0
184,Tasty,Tasty,Food & Drinks,21000000.0,United States,251500.0,7900.0,239.0
185,WHBBP,White Hill Music,Music & Dance,21000000.0,India,23200.0,1200.0,89.0
188,oRugrat,FaZe Rug,Video games,20800000.0,United States,2500000.0,105900.0,5900.0
189,5-Minute Crafts DIY,5-Minute Crafts DIY,Music & Dance,20800000.0,India,53400.0,648.0,18.0
191,CanalCanalha,CanalCanalha,Sports,20700000.0,Brazil,1100000.0,127400.0,2100.0
192,hamaarbhojiwood,Wave Music Bhojpuri,Music & Dance,20600000.0,India,8800.0,139.0,30.0
198,The Lallantop,The Lallantop,News & Politics,20500000.0,India,12900.0,313.0,50.0
199,FGTeeV,FGTeeV,Animation,20400000.0,United States,2100000.0,23500.0,2100.0
200,BuzzFeedVideo,BuzzFeedVideo,Daily vlogs,20400000.0,United States,56000.0,1400.0,148.0
201,Baim Paula,Baim Paula,Music & Dance,20400000.0,Indonesia,1100000.0,49800.0,1900.0
202,SSundee,SSundee,Video games,20400000.0,United States,3000000.0,141200.0,4600.0
204,AuthenticGames,AuthenticGames,Video games,20200000.0,Brazil,64800.0,6100.0,229.0
205,TheFineBros,REACT,Humor,20200000.0,United States,89500.0,3000.0,382.0
207,VEVO,Vevo,Music & Dance,20000000.0,United States,85600.0,804.0,36.0
212,SlivkiChanel,SlivkiShow,DIY & Life Hacks,19800000.0,Russia,2800000.0,295000.0,55300.0
214,LazarBeam,LazarBeam,Video games,19800000.0,United States,4200000.0,160000.0,5900.0
218,BeckyGOfficial,Becky G,Music & Dance,19800000.0,United States,57500.0,5000.0,126.0
220,NewAFI2013,Indosiar Visual Mandiri,Music & Dance,19600000.0,Indonesia,15700.0,264.0,22.0
221,rossbollinger,Pencilmation,Animation,19600000.0,United States,390900.0,3400.0,96.0
223,PrestonPlayz,Preston,Animation,19400000.0,United States,2800000.0,68600.0,3600.0
224,Mnet,Mnet K-POP,Music & Dance,19400000.0,United States,31100.0,2600.0,112.0
225,CharliesVlogs,Charlie Puth,Music & Dance,19200000.0,United States,464700.0,34000.0,802.0
228,RotanaAudio,Rotana,Music & Dance,19200000.0,Saudi Arabia,1300000.0,22000.0,533.0
229,Crafty Panda,Crafty Panda,Music & Dance,19100000.0,India,75000.0,540.0,15.0
230,Noor Stars,Noor Stars,Music & Dance,19100000.0,Iraq,2000000.0,161300.0,12100.0
231,DLS News,DLS News,News & Politics,19000000.0,India,74300.0,2500.0,146.0
232,Troom Troom Es,Troom Troom Es,Toys,19000000.0,Mexico,120500.0,2700.0,58.0
234,The ACE Family,The ACE Family,Humor,19000000.0,United States,1400000.0,73800.0,3600.0
236,gordonramsay,Gordon Ramsay,Food & Drinks,18800000.0,United States,218100.0,7200.0,338.0
238,TelenovelaTelevisa,Tlnovelas,ASMR,18800000.0,Mexico,26800.0,310.0,13.0
239,Infinite,Infinite,Video games,18800000.0,United States,528700.0,24300.0,1900.0
240,MrVivekBindra,Dr. Vivek Bindra: Motivational Speaker,Education,18800000.0,India,290000.0,18200.0,222.0
243,fatosdesconhecidos,Fatos Desconhecidos,Science & Technology,18600000.0,Brazil,242100.0,23100.0,636.0
246,OfficialClashOfClans,Clash of Clans,News & Politics,18400000.0,United States,485900.0,16100.000000000002,280.0
247,JimmyKimmelLive,Jimmy Kimmel Live,Movies,18400000.0,United States,202900.0,4900.0,288.0
248,MARVEL,Marvel Entertainment,Movies,18400000.0,United States,347200.0,26300.0,1000.0
249,RobinHoodGamer1,Robin Hood Gamer,Animation,18400000.0,Brazil,1300000.0,59000.0,1100.0
250,Unbox Therapy,Unbox Therapy,Science & Technology,18200000.0,United States,1300000.0,17700.0,2000.0
251,NBA,NBA,Sports,18200000.0,United States,49400.0,1600.0,92.0
252,Kurzgesagt,Kurzgesagt – In a Nutshell,Education,18200000.0,United States,7700000.0,354700.0,15700.0
255,gmapublicaffairs,GMA Public Affairs,News & Politics,18100000.0,Philippines,10600.0,131.0,10.0
261,sonotekvideo,Sonotek,Music & Dance,18000000.0,India,34100.0,1200.0,127.0
264,GEN HALILINTAR,GEN HALILINTAR,Music & Dance,18000000.0,Indonesia,747500.0,39900.0,726.0
265,INCRÍVEL,INCRÍVEL,Animation,17800000.0,Brazil,32500.0,1800.0,47.0
267,DanielSaboya,Dan-Sa / Daniel Saboya,Music & Dance,17800000.0,Brazil,33900.0,1600.0,20.0
271,Ninja Kidz TV,Ninja Kidz TV,Video games,17600000.0,United States,2500000.0,22400.0,1100.0
272,Brent Rivera,Brent Rivera,Animation,17600000.0,United States,3900000.0,281500.0,11500.0
276,TheGrefg,TheGrefg,Animation,17500000.0,Spain,1400000.0,97000.0,1500.0
278,Matroix,Ali-A,Video games,17500000.0,United States,691200.0,20100.0,847.0
279,HiMan,HiMan,Video games,17500000.0,Russia,1200000.0,102300.0,351.0
280,rhettandlink2,Good Mythical Morning,Food & Drinks,17500000.0,United States,1300000.0,40200.0,1400.0
281,CookieSwirlC,CookieSwirlC,Video games,17500000.0,United States,411800.0,4700.0,842.0
282,ElTrollino,ElTrollino,Animation,17500000.0,Mexico,3300000.0,101000.0,2500.0
283,Naisa Alifia Yuriza (N.A.Y),Naisa Alifia Yuriza (N.A.Y),Music & Dance,17500000.0,Indonesia,504700.0,19900.0,757.0
287,MiawAug,MiawAug,Video games,17300000.0,Indonesia,1300000.0,67300.0,4900.0
288,rsiammusic,RsiamMusic : อาร์สยาม,Music & Dance,17300000.0,Thailand,8400.0,306.0,10.0
289,Emiway Bantai,Emiway Bantai,Music & Dance,17300000.0,India,864400.0,106600.0,7300.0
290,Netflix India,Netflix India,ASMR,17300000.0,India,61900.0,2800.0,72.0
291,farrukotv,Farruko,Music & Dance,17300000.0,United States,493200.0,22300.0,807.0
292,dj47maryn,Marmok,Video games,17300000.0,Russia,3800000.0,437500.0,15100.0
293,portadosfundos,Porta dos Fundos,Movies,17300000.0,Brazil,639800.0,62800.0,808.0
295,Willyrex,Willyrex,Video games,17100000.0,Mexico,147500.0,10000.0,96.0
296,SCTVIndonesia,Surya Citra Televisi,Music & Dance,17100000.0,Indonesia,23600.0,433.0,39.0
297,SebastianYatra,Sebastián Yatra,Music & Dance,17100000.0,Colombia,1800000.0,55500.0,1200.0
299,ThePoznavatel,Познаватель,Toys,16900000.0,Russia,3400000.0,92300.0,3200.0
301,RobleisIUTU,RobleisIUTU,Animation,16900000.0,Argentina,1200000.0,79300.0,2300.0
308,The Royalty Family,The Royalty Family,Humor,16700000.0,United States,2800000.0,81700.0,10700.0
309,musicalrmastv,الـريماس - Al-Remas,Music & Dance,16700000.0,Iraq,66500.0,3300.0,166.0
311,grammygoldofficia,Grammy Gold Official,Music & Dance,16700000.0,Thailand,12100.0,198.0,19.0
312,IGNentertainment,IGN,Movies,16500000.0,United States,65800.0,1500.0,150.0
314,TEDEducation,TED-Ed,Science & Technology,16500000.0,United States,330200.0,15100.0,633.0
315,JasonDerulo,Jason Derulo,Music & Dance,16500000.0,United States,73900.0,5200.0,81.0
316,Tu COSMOPOLIS,Tu COSMOPOLIS,Daily vlogs,16500000.0,Mexico,211100.0,17100.0,1200.0
317,jquintanac5,DeToxoMoroxo,Movies,16500000.0,Mexico,835100.0,37500.0,10600.0
318,LankyBox,LankyBox,Video games,16500000.0,United States,1100000.0,15200.0,500.0
322,invictorgs3,invictor,Video games,16399999.999999998,Mexico,2900000.0,97400.0,2200.0
325,TheBrianMaps,TheBrianMaps,Video games,16300000.0,Russia,2600000.0,314600.0,12700.0
326,Rafa & Luiz,Rafa & Luiz,Video games,16300000.0,Brazil,579700.0,39200.0,1400.0
328,SUPER SLICK SLIME SAM,SUPER SLICK SLIME SAM,DIY & Life Hacks,16200000.0,Mexico,228200.0,7300.0,268.0
329,Jane ASMR 제인,Jane ASMR 제인,Daily vlogs,16100000.000000002,United States,438700.0,8600.0,498.0
330,AnittaOficial,Anitta,Music & Dance,16100000.000000002,Brazil,316400.0,12300.0,488.0
331,jeffreestar,jeffreestar,Beauty,16100000.000000002,United States,878500.0,36700.0,3200.0
332,Canal IN,Canal IN,Toys,16100000.000000002,Brazil,26200.0,1600.0,16.0
334,iberethenorio,Manual do Mundo,Science & Technology,16100000.000000002,Brazil,488800.0,69800.0,740.0
335,Antrax,Antrax,Video games,16100000.000000002,Mexico,935800.0,88100.0,543.0
336,zbingzbing,zbing z.,Animation,15900000.0,Thailand,657300.0,26300.0,1100.0
338,littlemixmusic,Little Mix,Music & Dance,15900000.0,United States,104200.0,10000.0,160.0
340,Kaykai Salaider,Kaykai Salaider,Movies,15700000.0,Thailand,1400000.0,104000.0,8200.0
342,boyceavenue,Boyce Avenue,Music & Dance,15700000.0,Brazil,338500.0,8000.0,355.0
343,failarmy,FailArmy,Animation,15700000.0,United States,2200000.0,19900.0,642.0
345,DopeLyrics,DopeLyrics,Music & Dance,15700000.0,United States,31700.0,615.0,50.0
346,DUDU e CAROL,DUDU e CAROL,Toys,15700000.0,Brazil,1400000.0,65900.0,142.0
347,queenofficial,Queen Official,Music & Dance,15700000.0,United States,123300.0,4200.0,491.0
348,movieclipsTRAILERS,Movieclips Trailers,Movies,15700000.0,United States,58200.0,903.0,74.0
349,MatthewPatrick13,The Game Theorists,Science & Technology,15700000.0,United States,3100000.0,163800.0,8200.0
351,Khan GS Research Centre,Khan GS Research Centre,Education,15600000.0,India,9100000.0,641500.0,44700.0
353,SonyMusicSouthVEVO,SonyMusicSouthVEVO,Music & Dance,15500000.0,India,110200.0,4100.0,40.0
354,RomanAtwoodVlogs,Roman Atwood Vlogs,Humor,15500000.0,United States,677400.0,33800.0,1200.0
355,marquesbrownlee,Marques Brownlee,Science & Technology,15500000.0,United States,2900000.0,119200.0,6500.0
357,vice,VICE,News & Politics,15500000.0,United States,257500.0,5600.0,767.0
358,Aayu and Pihu Show,Aayu and Pihu Show,Movies,15500000.0,India,4300000.0,111300.0,7700.0
361,tanboy kun,tanboy kun,Music & Dance,15400000.0,Indonesia,2200000.0,56800.0,2000.0
363,Triggered Insaan,Triggered Insaan,Humor,15400000.0,India,6400000.0,800900.0,26500.0
364,monstafluffmusicTV,7clouds,Music & Dance,15300000.0,United States,185400.0,3000.0,140.0
365,Dyland PROS,Dyland PROS,Music & Dance,15300000.0,Indonesia,92100.0,7700.0,448.0
366,Camila Cabello,Camila Cabello,Music & Dance,15300000.0,United States,109400.0,14200.0,146.0
367,JenniferLopez,Jennifer Lopez,Fashion,15300000.0,United States,401900.0,12100.0,1200.0
369,AdMe.ru - Сайт о творчестве,AdMe.ru - Сайт о творчестве,Animation,15300000.0,Russia,51900.0,1500.0,83.0
372,Ivana Alawi,Ivana Alawi,Daily vlogs,15300000.0,Philippines,2700000.0,122600.0,11000.0
375,portalfitdance,FitDance,Music & Dance,15100000.0,Brazil,46300.0,1300.0,23.0
376,Kerajinan 5-Menit,Kerajinan 5-Menit,Music & Dance,15100000.0,Indonesia,20800.0,221.0,10.0
377,TheRichest,TheRichest,News & Politics,15100000.0,United States,17300.0,588.0,45.0
379,popchartbusters,Pop Chartbusters,Music & Dance,15100000.0,India,20200.0,366.0,21.0
380,OGatoGalactico,Gato Galactico | GALÁXIA,Toys,15100000.0,Brazil,79600.0,4700.0,106.0
381,wifistudy,wifistudy,Education,15000000.0,India,7400.0,645.0,15.0
382,ntvru,НТВ,News & Politics,15000000.0,Russia,82300.0,901.0,216.0
383,Dhar Mann,Dhar Mann,Health & Self Help,15000000.0,United States,6200000.0,140900.0,6300.0
385,KSIOlajidebtHD,JJ Olatunji,Animation,14900000.0,United States,4800000.0,429500.0,9600.0
386,kwebbelkop,Kwebbelkop,Animation,14900000.0,United States,218800.0,17500.0,882.0
387,RCTI - LAYAR DRAMA INDONESIA,RCTI - LAYAR DRAMA INDONESIA,Music & Dance,14900000.0,Indonesia,26100.0,455.0,23.0
390,ranziscool,Ranz Kyle,Humor,14900000.0,Philippines,362300.0,15000.0,507.0
391,Makiman131,Makiman131,Video games,14900000.0,Spain,393800.0,25400.0,795.0
392,Lachlan,Lachlan,Video games,14900000.0,United States,864600.0,34600.0,935.0
394,IISuperwomanII,Lilly Singh,Animation,14700000.0,United States,94800.0,6600.0,103.0
396,CanalTaBombando,LEGENDA FUNK,Music & Dance,14700000.0,Brazil,9300.0,529.0,22.0
397,Planeta das Gêmeas,Planeta das Gêmeas,Toys,14700000.0,Brazil,531200.0,23200.0,22.0
401,AMARINTV : อมรินทร์ทีวี,AMARINTV : อมรินทร์ทีวี,News & Politics,14600000.0,Thailand,13100.0,148.0,21.0
404,News24page,News24,News & Politics,14500000.0,India,9500.0,186.0,19.0
405,Niana Guerrero,Niana Guerrero,Music & Dance,14500000.0,Philippines,732400.0,41000.0,1600.0
408,Sidemen,Sidemen,Video games,14500000.0,United Kingdom,5900000.0,276400.0,9500.0
409,zncoficial,Zé Neto e Cristiano,Music & Dance,14500000.0,Brazil,5300000.0,44000.0,643.0
412,rkddigital,RKD Studios,Movies,14500000.0,India,42600.0,870.0,39.0
413,hejproducao,Henrique e Juliano,Music & Dance,14500000.0,Brazil,96800.0,4100.0,75.0
414,MattyBRaps,MattyBRaps,Music & Dance,14500000.0,United States,512600.0,8000.0,413.0
415,collegehumor,CollegeHumor,Humor,14500000.0,United States,194600.0,8400.0,360.0
417,La Rosa de Guadalupe,La Rosa de Guadalupe,Animation,14500000.0,Mexico,361000.0,3200.0,81.0
419,LinusTechTips,Linus Tech Tips,Science & Technology,14500000.0,United States,1500000.0,63500.0,2500.0
420,T3DDYgames,T3ddy,Daily vlogs,14400000.0,Brazil,1100000.0,140100.0,5600.0
422,XpressTV,XpressTV,Science & Technology,14300000.0,Mexico,1500000.0,62200.0,764.0
423,Harsh Beniwal,Harsh Beniwal,Movies,14300000.0,India,11600000.0,1300000.0,55400.0
426,chadwildclay,Chad Wild Clay,Movies,14300000.0,United States,2300000.0,43800.0,7400.0
427,iTownGamePlay,iTownGamePlay *Terror&Diversión*,News & Politics,14300000.0,Mexico,131200.0,6200.0,340.0
428,MartinGarrix,Martin Garrix,Music & Dance,14300000.0,United States,59600.0,1900.0,125.0
429,Canal Nostalgia,Canal Nostalgia,Science & Technology,14300000.0,Brazil,265100.0,36800.0,536.0
431,theslowmoguys,The Slow Mo Guys,Education,14300000.0,United States,1200000.0,72700.0,3200.0
433,mkmusicnews,MK MUSIC,Music & Dance,14200000.0,Brazil,53300.0,2800.0,122.0
434,Daftar Populer,Daftar Populer,News & Politics,14100000.0,Indonesia,139300.0,2900.0,224.0
435,Mobile Legends: Bang Bang Official,Mobile Legends: Bang Bang Official,Movies,14100000.0,Indonesia,259300.0,2400.0,21.0
436,OfficialTrapCity,Trap City,Music & Dance,14100000.0,United States,44400.0,1800.0,77.0
440,camilaloures,Camila Loures,Food & Drinks,14100000.0,Brazil,310400.0,28200.0,456.0
441,Genierock,Genierock,Music & Dance,14100000.0,Thailand,16500.0,340.0,20.0
443,It's Mamix,It's Mamix,DIY & Life Hacks,14100000.0,Russia,2800000.0,276300.0,14900.0
448,Arif muhammad,Arif muhammad,Music & Dance,13900000.0,Indonesia,3000000.0,93500.0,3200.0
449,AM3NlC,AM3NlC,Food & Drinks,13900000.0,Brazil,215900.0,24500.0,266.0
450,GMMTVSPOTLIKE,GMMTV OFFICIAL​​,Movies,13900000.0,Thailand,26500.0,779.0,29.0
451,NikkieTutorials,NikkieTutorials,Design/art,13900000.0,United States,821100.0,55700.0,2600.0
453,MRamadanOfficial,Mohamed Ramadan I محمد رمضان,Music & Dance,13900000.0,Egypt,761500.0,28200.0,1800.0
454,F2Freestylers,F2Freestylers - Ultimate Soccer Skills Channel,Sports,13900000.0,United Kingdom,208300.0,9400.0,111.0
455,BollywoodClassics,Bollywood Classics,Music & Dance,13900000.0,India,40400.0,329.0,15.0
457,WWWengie,Wengie,DIY & Life Hacks,13900000.0,United States,84800.0,5700.0,170.0
458,thairathonline,Thairath Online,News & Politics,13900000.0,Thailand,25500.0,328.0,33.0
459,Sourav Joshi Vlogs,Sourav Joshi Vlogs,Daily vlogs,13900000.0,India,6300000.0,571500.0,17000.0
460,TeamFilmsBhojpuri,Team Films Bhojpuri,Music & Dance,13800000.0,India,8200.0,229.0,46.0
461,SOMOY TV,SOMOY TV,Daily vlogs,13800000.0,Bangladesh,8600.0,179.0,15.0
464,Zach Choi ASMR,Zach Choi ASMR,Daily vlogs,13700000.0,United States,765600.0,40000.0,1300.0
465,MAIKI021,MAIKI021,Autos & Vehicles,13700000.0,Brazil,38500.0,5700.0,177.0
467,Doc Tops,Doc Tops,News & Politics,13700000.0,Mexico,1400000.0,75700.0,2200.0
468,mispastelitosyoutub,Mis Pastelitos,Food & Drinks,13700000.0,Mexico,2300000.0,109600.0,3600.0
470,Трум Трум,Трум Трум,Humor,13700000.0,Russia,450800.0,6100.0,205.0
471,vetealaversha,Darkar Company Studios,Animation,13700000.0,Mexico,416100.0,48800.0,678.0
472,ndtvindia,NDTV India,News & Politics,13600000.0,India,20000.0,605.0,71.0
473,dangmattsmith,Dang Matt Smith,Animation,13500000.0,United States,287900.0,9300.0,642.0
475,zeefilmimusic,Zee Music Classic,Music & Dance,13500000.0,India,27700.0,205.0,22.0
477,AzzyLand,AzzyLand,Animation,13500000.0,United States,198500.0,7300.0,455.0
478,TWICE,TWICE,Music & Dance,13500000.0,Philippines,793700.0,78100.0,2600.0
479,The World Adventures हिन्दी,The World Adventures हिन्दी,Daily vlogs,13500000.0,India,46700.0,2500.0,60.0
481,Zach King,Zach King,Humor,13500000.0,United States,1200000.0,82300.0,1000.0
482,Daily Dose Of Internet,Daily Dose Of Internet,Animals & Pets,13500000.0,United States,4500000.0,265100.0,8600.0
483,laharimusic,Lahari Music | T-Series,Music & Dance,13500000.0,India,54900.0,2100.0,56.0
484,TheABSCBNNews,ABS-CBN News,News & Politics,13400000.0,Philippines,4500.0,47.0,6.0
485,CNN,CNN,News & Politics,13400000.0,United States,239200.0,3100.0,2900.0
486,NOBRU,NOBRU,Video games,13300000.0,Brazil,109700.0,12200.0,285.0
487,fcbarcelona,FC Barcelona,Sports,13300000.0,India,207500.0,13200.0,356.0
489,crashcourse,CrashCourse,Science & Technology,13300000.0,United States,47600.0,1700.0,37.0
490,UFC,UFC - Ultimate Fighting Championship,Sports,13300000.0,United States,155200.0,2900.0,347.0
492,pognalishow,Дима Масленников,Video games,13300000.0,Russia,4800000.0,436900.0,14300.0
493,TazerCraft,TazerCraft,Animation,13300000.0,Brazil,352800.0,26800.0,532.0
496,RosannaPansino,Rosanna Pansino,Food & Drinks,13300000.0,United States,206000.0,8400.0,102.0
498,Kuplinov ► Play,Kuplinov ► Play,Video games,13300000.0,Russia,1200000.0,67700.0,2500.0
499,EdisonPts,EdisonPts,Video games,13300000.0,Russia,2000000.0,153800.0,7600.0
500,MNCTVOfficial,MNCTV Official,Music & Dance,13200000.0,Indonesia,4100.0,126.0,6.0
503,Bizarrap,Bizarrap,Music & Dance,13100000.0,Argentina,80500000.0,5600000.0,313600.0
505,AtlanticVideos,Atlantic Records,Music & Dance,13100000.0,United States,9600.0,325.0,17.0
507,CoryxKenshin,CoryxKenshin,Video games,13100000.0,United States,4700000.0,338800.0,20600.0
508,theRadBrad,theRadBrad,Video games,13100000.0,United States,186400.0,8800.0,613.0
509,mymissanand,MyMissAnand,Movies,13100000.0,India,2100000.0,80900.0,1200.0
511,TV Ana Emilia,TV Ana Emilia,Fashion,13100000.0,Mexico,425600.0,14100.0,1400.0
512,iloveindianmakeup,Anaysa,Humor,13100000.0,India,933600.0,38000.0,1400.0
513,Auron,Auron,Video games,13100000.0,Mexico,2200000.0,137700.0,1700.0
514,Unspeakable,Unspeakable,Video games,13000000.0,United States,1900000.0,39300.0,2200.0
515,narendramodionline,NMF News,News & Politics,13000000.0,India,6200.0,123.0,18.0
518,djzoi0,Everson Zoio,Humor,12900000.0,Brazil,631000.0,80100.0,2800.0
520,50CentMusic,50 Cent,Music & Dance,12900000.0,United States,100700.0,5800.0,431.0
521,News18 India,News18 India,News & Politics,12900000.0,India,2700.0,51.0,7.0
522,MattSDance,Matt Steffanina,Music & Dance,12900000.0,United States,124500.0,7800.0,104.0
523,SaturdayNightLive,Saturday Night Live,Movies,12900000.0,United States,1100000.0,19200.0,858.0
527,SrtaLynaV,Lyna,Animation,12900000.0,Argentina,737100.0,37700.0,1700.0
530,ChallengeAcceptedInc,Aphmau,Animation,12700000.0,United States,3900000.0,84600.0,4200.0
532,Aadishakti Films,Aadishakti Films,Music & Dance,12700000.0,India,39000.0,1400.0,152.0
534,skillzaisherebooya,Conor Maynard,Music & Dance,12700000.0,United States,305800.0,21400.0,578.0
535,twentyonepilots,twenty one pilots,Music & Dance,12700000.0,United States,1700000.0,153900.0,7200.0
537,ABCNews,ABC News,News & Politics,12700000.0,United States,12000.0,191.0,139.0
538,DALLMYD,DALLMYD,Mystery,12700000.0,United States,322700.0,12400.0,735.0
539,PozzitifonShow,Поззи,Video games,12700000.0,Russia,1400000.0,87700.0,4700.0
540,1032010814,TKOR,DIY & Life Hacks,12700000.0,United States,107100.0,3800.0,256.0
541,typicalgamer,Typical Gamer,Video games,12700000.0,United States,804400.0,14300.0,474.0
542,123 GO! Spanish,123 GO! Spanish,Toys,12700000.0,Mexico,888000.0,11800.0,235.0
544,Health Time,Health Time,Daily vlogs,12600000.0,India,12600.0,467.0,16.0
546,Wish 107.5,Wish 107.5,Music & Dance,12600000.0,Philippines,146800.0,4400.0,372.0
547,RedeTVhdBrasil,RedeTV,News & Politics,12600000.0,Brazil,2700.0,74.0,3.0
548,NishaMadhulika,Nisha Madhulika,Food & Drinks,12500000.0,India,220600.0,5200.0,934.0
552,Knowledge Tv हिन्दी,Knowledge Tv हिन्दी,Education,12500000.0,India,158700.0,9400.0,468.0
553,JDCav24,ATHLEAN-X™,Fitness,12500000.0,United States,395600.0,19000.0,693.0
556,React,People Vs Food,Food & Drinks,12500000.0,United States,464200.0,18000.0,1000.0
558,PrestonPlayz,PrestonPlayz,Video games,12500000.0,United States,2100000.0,48800.0,4000.0
559,BUDI01 GAMING,BUDI01 GAMING,Video games,12500000.0,Indonesia,1100000.0,91500.0,7100.0
560,MstrJames,Hacksmith Industries,DIY & Life Hacks,12500000.0,United States,896700.0,46300.0,1800.0
562,JesseAndMike,JesseAndMike,Humor,12400000.0,United States,523799.99999999994,6600.0,152.0
564,Hongyu ASMR 홍유,Hongyu ASMR 홍유,ASMR,12300000.0,United States,1300000.0,15600.0,646.0
566,htpunjabi,Lokdhun Punjabi,Music & Dance,12300000.0,India,16200.0,346.0,8.0
567,Piuzinho,Piuzinho,Video games,12300000.0,Brazil,233300.0,45800.0,625.0
569,Meghan Trainor,Meghan Trainor,Music & Dance,12300000.0,United States,11400.0,564.0,35.0
570,Juliana Baltar,Juliana Baltar,Toys,12300000.0,Brazil,286600.0,18600.0,335.0
573,alanalan9635,Stokes Twins,Humor,12300000.0,United States,9900000.0,281500.0,19400.0
575,AdexeOficial,Adexe & Nau,Music & Dance,12300000.0,Mexico,38300.0,4400.0,367.0
576,gymvirtual,gymvirtual,Music & Dance,12300000.0,Mexico,76400.0,3500.0,89.0
577,einerdtv,Ei Nerd,Movies,12300000.0,Brazil,265400.0,42300.0,1200.0
578,Alex Gonzaga Official,Alex Gonzaga Official,Music & Dance,12300000.0,Philippines,2900000.0,116600.0,2900.0
579,Gibby :),Gibby :),Daily vlogs,12300000.0,Mexico,582600.0,28400.0,1800.0
582,Troom Troom PT,Troom Troom PT,Toys,12300000.0,Brazil,201400.0,4700.0,58.0
584,jazzghost1,Jazzghost,Animation,12300000.0,Brazil,758700.0,55900.0,2000.0
586,Bela Bagunça,Bela Bagunça,Toys,12300000.0,Brazil,74800.0,4400.0,148.0
587,tseriesregional,T-Series Regional,Music & Dance,12100000.0,India,6900.0,148.0,18.0
588,Brawl Stars,Brawl Stars,Animation,12100000.0,United States,6400000.0,181200.0,6900.0
589,Crescendo com Luluca,Crescendo com Luluca,Toys,12100000.0,Brazil,1300000.0,52800.0,4400.0
590,PowerfulJRE,PowerfulJRE,Daily vlogs,12100000.0,United States,498900.0,14700.0,1800.0
591,bbcnews,BBC News,News & Politics,12100000.0,United Kingdom,236200.0,3300.0,1800.0
593,NORMAN FAIT DES VIDÉOS,NORMAN FAIT DES VIDÉOS,Animation,12100000.0,France,1800000.0,168200.0,6900.0
595,awakeningrecords,Awakening Music,Music & Dance,12100000.0,Indonesia,16800.0,1200.0,60.0
602,Zeinab Harake,Zeinab Harake,Daily vlogs,11900000.0,Philippines,1300000.0,71200.0,1800.0
607,Migosatl,Migos ATL,Music & Dance,11900000.0,United States,3300000.0,131000.0,5300.0
608,TheDaniRep,DaniRep | +6 Vídeos Diarios De GTA 5 Online!,Animation,11900000.0,Mexico,349900.0,19500.0,346.0
609,colinfurze,colinfurze,DIY & Life Hacks,11900000.0,United States,1100000.0,36800.0,1100.0
610,Planet Earth INDIA,Planet Earth INDIA,Daily vlogs,11900000.0,India,459800.0,18100.0,460.0
614,Dear Sir,Dear Sir,Education,11900000.0,India,261399.99999999997,15600.0,1200.0
615,officialjassrecords,Jass Records,Music & Dance,11800000.0,India,223800.0,3500.0,410.0
618,ГЛЕНТ,ГЛЕНТ,Video games,11800000.0,Russia,3300000.0,281700.0,9500.0
619,Study IQ education,Study IQ education,Education,11700000.0,India,11400.0,519.0,12.0
622,FrontaL Gaming,FrontaL Gaming,Animation,11700000.0,Indonesia,490800.0,35500.0,1800.0
623,Blockbuster Movies,Blockbuster Movies,Daily vlogs,11700000.0,India,118500.0,1100.0,23.0
625,AvrilLavigne,Avril Lavigne,Music & Dance,11700000.0,United States,2800000.0,130400.0,6500.0
626,Dani Russo Tv,Dani Russo Tv,Music & Dance,11700000.0,Brazil,10900.0,1400.0,121.0
628,MORGENSHTERN,MORGENSHTERN,Humor,11700000.0,Russia,11000000.0,789900.0,54800.0
629,rebeccazamolo1,Rebecca Zamolo,Video games,11700000.0,United States,2800000.0,70600.0,6900.0
631,TommyInnit,TommyInnit,Animation,11700000.0,United States,3400000.0,294600.0,14400.0
633,TheInfographicsShow,The Infographics Show,Education,11700000.0,United States,348800.0,10300.0,764.0
634,1veritasium,Veritasium,Science & Technology,11700000.0,United States,3900000.0,169300.0,7800.0
636,hamaarbhojpuri,T-Series Hamaar Bhojpuri,Music & Dance,11700000.0,India,13500.0,177.0,17.0
638,YOLO AVENTURAS,YOLO AVENTURAS,Daily vlogs,11600000.0,Colombia,838400.0,74900.0,7000.0
639,TheDodoSite,The Dodo,Animals & Pets,11600000.0,United States,608900.0,22900.0,812.0
640,Panda,Panda,Animation,11600000.0,India,1100000.0,103700.0,1900.0
641,Troom Troom Indonesia,Troom Troom Indonesia,Toys,11600000.0,Indonesia,256700.0,2500.0,96.0
642,RaptorGamer,RaptorGamer,Video games,11500000.0,Mexico,741400.0,46500.0,1500.0
643,CrazyRussianHacker,CrazyRussianHacker,DIY & Life Hacks,11500000.0,United States,75100.0,2300.0,139.0
645,Codiscos,Codiscos,Music & Dance,11500000.0,Colombia,9400.0,195.0,7.0
647,LIV Crime,LIV Crime,Daily vlogs,11500000.0,India,271600.0,2600.0,72.0
648,hoiitsroi,Wassabi,Humor,11500000.0,United States,692400.0,47600.0,4800.0
650,thinkmusicindia,Think Music India,Music & Dance,11500000.0,India,75400.0,3200.0,106.0
652,BanderitaX,BanderitaX,Animation,11500000.0,Saudi Arabia,1400000.0,101200.0,3800.0
653,Americanvogue,Vogue,Fashion,11500000.0,United States,324200.0,13300.0,412.0
654,luansantanaoficial,Luan Santana,Music & Dance,11500000.0,Brazil,3400000.0,54900.0,4700.0
655,FIFATV,FIFA,Sports,11500000.0,United States,63400.0,1900.0,152.0
656,Davie504,Davie504,Music & Dance,11500000.0,United States,2000000.0,194400.0,1400.0
657,Mor Haryanvi,Mor Haryanvi,Music & Dance,11500000.0,India,3300000.0,49000.0,6300.0
658,ExpCaseros,ExpCaseros,DIY & Life Hacks,11500000.0,Spain,54100.0,2300.0,98.0
659,TsMadaan,TsMadaan,Education,11500000.0,India,64099.99999999999,1500.0,102.0
663,ndtv,NDTV,News & Politics,11400000.0,India,4900.0,84.0,19.0
665,Coke Studio,Coke Studio,Music & Dance,11300000.0,Pakistan,185300.0,5400.0,208.0
666,DeGoBooM,DeGoBooM,Video games,11300000.0,Mexico,426000.0,16300.0,263.0
667,htbhakti,Sonotek Bhakti,Music & Dance,11300000.0,India,101800.0,149.0,55.0
668,MrTimbaVk,Timba Vk,Video games,11300000.0,Mexico,1500000.0,63800.0,1600.0
669,Yudist Ardhana,Yudist Ardhana,Video games,11300000.0,Indonesia,330400.0,11200.0,451.0
670,elrubius,Rubius Z,Video games,11300000.0,Argentina,2300000.0,194600.0,2200.0
671,Trakin Tech,Trakin Tech,News & Politics,11300000.0,India,283100.0,21900.0,1100.0
672,FelipeViktor,LipaoGamer,Animation,11300000.0,Brazil,164500.0,12400.0,168.0
673,CaptainSparklez,CaptainSparklez,Video games,11300000.0,United States,111200.0,8000.0,436.0
676,eltreceok,El Trece,News & Politics,11300000.0,Argentina,3600.0,40.0,7.0
678,MTV2,Wild 'N Out,Music & Dance,11300000.0,United States,221000.0,4700.0,180.0
679,DANIEL EL TRAVIESO VIDEOS,DANIEL EL TRAVIESO VIDEOS,Animation,11300000.0,Colombia,959700.0,32200.000000000004,1200.0
680,UnspeakableGaming,UnspeakableGaming,Video games,11300000.0,United States,857500.0,16500.0,783.0
682,lokdhuntv,Wave Music Bhakti,Music & Dance,11300000.0,India,7000.0,106.0,16.0
683,gmanews,GMA News,News & Politics,11300000.0,Philippines,4900.0,50.0,12.0
684,Sony Music South,Sony Music South,Music & Dance,11300000.0,India,265300.0,5500.0,135.0
685,VyQwaint,Vy Qwaint,Video games,11200000.0,United States,2200000.0,43200.0,7000.0
687,KompasTVNews,KOMPASTV,News & Politics,11200000.0,Indonesia,5200.0,37.0,22.0
689,Hero Movies 2022,Hero Movies 2022,Daily vlogs,11100000.0,India,177700.0,1200.0,22.0
692,123 GO!,123 GO!,Humor,11100000.0,United States,656000.0,5900.0,183.0
693,TastyCompot,Compot,Video games,11100000.0,Russia,1700000.0,74400.0,2900.0
695,epicfortnite,Fortnite,Video games,11100000.0,United States,321300.0,10300.0,433.0
696,Magic Five,Magic Five,Video games,11100000.0,Russia,4000000.0,230200.0,17100.0
699,FirstWeFeast,First We Feast,Food & Drinks,11100000.0,United States,308200.0,14100.0,689.0
700,realannoyingorange,Annoying Orange,Animation,11100000.0,United States,121500.0,2800.0,361.0
701,ElRinconDeGiorgio,El Rincón De Giorgio,Video games,11100000.0,Spain,1800000.0,170400.0,3100.0
702,ExplosmEntertainment,ExplosmEntertainment,Movies,11100000.0,United States,711200.0,45200.0,2200.0
705,yogawithadriene,Yoga With Adriene,Fitness,11100000.0,United States,952000.0,19700.0,702.0
706,Mo Vlogs,Mo Vlogs,Humor,11100000.0,India,401500.0,24200.0,909.0
707,Star Casablanca | نجوم الدار البيضاء,Star Casablanca | نجوم الدار البيضاء,Music & Dance,11100000.0,Iraq,46500.0,2200.0,164.0
708,BBCEarth,BBC Earth,Animals & Pets,11100000.0,United States,87700.0,2500.0,192.0
710,Free Fire India Official,Free Fire India Official,Animation,11100000.0,India,177700.0,15600.0,821.0
711,YMWayneCarter,Lil Wayne,Music & Dance,11100000.0,United States,2000000.0,100100.0,4800.0
713,coisadenerd,Coisa de Nerd,Design/art,11100000.0,Brazil,1100000.0,126100.0,3700.0
715,Alejo Igoa,Alejo Igoa,DIY & Life Hacks,11000000.0,Argentina,4099999.9999999995,142200.0,4000.0
716,Simone e Simaria,Simone e Simaria,Music & Dance,10900000.0,Brazil,2400000.0,57200.0,1700.0
717,YoungBoy Never Broke Again,YoungBoy Never Broke Again,Music & Dance,10900000.0,United States,7600000.0,274700.0,23200.0
718,TheViralFeverVideos,The Viral Fever,Movies,10900000.0,India,1900000.0,89400.0,3000.0
719,hawkrecord,Single Track Studio,Music & Dance,10900000.0,India,989200.0,29800.0,439.0
721,mirandasings08,Miranda Sings,Humor,10900000.0,United States,153900.0,10300.0,1100.0
722,watchcut,Cut,Humor,10900000.0,United States,409600.0,16900.0,762.0
727,Луномосик,Луномосик,Video games,10900000.0,Russia,2500000.0,83900.0,2900.0
730,TygaTygaTV,Tyga,Music & Dance,10900000.0,United States,45600.0,3100.0,83.0
731,comedycentral,Comedy Central,Humor,10900000.0,United States,42400.0,924.0,50.0
732,DemolitionRanch,DemolitionRanch,Video games,10900000.0,United States,1600000.0,75400.0,5400.0
733,RapGeniusVideo,Genius,Music & Dance,10900000.0,United States,52100.0,2200.0,144.0
735,E-MasterSensei,E-MasterSensei,Animation,10900000.0,Mexico,1500000.0,103200.0,1300.0
738,BakLol Video,BakLol Video,Movies,10900000.0,India,1400000.0,33400.0,1800.0
739,HellomaphieMX,HellomaphieMX,DIY & Life Hacks,10900000.0,Mexico,654400.0,76000.0,284.0
741,jpgameplayfull,JP Plays,Video games,10900000.0,Brazil,112700.0,6000.0,207.0
742,Dan Rhodes,Dan Rhodes,Animation,10800000.0,India,334100.0,29600.0,211.0
743,geonews,Geo News,News & Politics,10800000.0,Pakistan,3800.0,53.0,5.0
747,Virgínia Fonseca,Virgínia Fonseca,Daily vlogs,10700000.0,Brazil,922600.0,78600.0,1400.0
749,FilmTheorists,The Film Theorists,Movies,10700000.0,United States,2200000.0,110300.0,5500.0
751,GamesEduUu,Games EduUu,Movies,10700000.0,Brazil,1500000.0,218100.0,7700.0
757,ComedyShortsGamer,Deji,Animation,10700000.0,United Kingdom,1500000.0,50700.0,3200.0
758,HikakinTV,HikakinTV,Music & Dance,10700000.0,Japan,1200000.0,42600.0,1800.0
760,GoProCamera,GoPro,Sports,10700000.0,United States,55300.0,2100.0,59.0
761,Slogomanify,Slogo,Video games,10700000.0,United States,387100.0,17800.0,424.0
762,tomiii 11,tomiii 11,Daily vlogs,10700000.0,Mexico,78500.0,9700.0,445.0
763,Narendra Modi,Narendra Modi,Science & Technology,10700000.0,India,31500.0,1800.0,133.0
764,Dobre Brothers,Dobre Brothers,Humor,10700000.0,United States,284400.0,10200.0,381.0
767,Experienced Mojaraba TV,Experienced Mojaraba TV,Health & Self Help,10700000.0,United States,190700.0,5200.0,128.0
770,Jessica Jane,Jessica Jane,Food & Drinks,10500000.0,Indonesia,826400.0,46200.0,1100.0
772,stampylonghead,stampylonghead,Video games,10500000.0,United States,155900.0,8200.0,759.0
773,Flamingo,Flamingo,Animation,10500000.0,United States,2100000.0,68300.0,7100.0
774,Golemcito Games,Golemcito Games,Video games,10500000.0,Peru,2800000.0,290000.0,6400.0
776,Vox,Vox,News & Politics,10500000.0,United States,2300000.0,69300.0,3600.0
778,francinyehlke,Franciny Ehlke,Fashion,10500000.0,Brazil,197200.0,19200.0,629.0
779,BuzzFeedYellow,As/Is,Fashion,10500000.0,United States,27100.0,1100.0,12.0
781,ChillStepNation,Chill Nation,Music & Dance,10500000.0,United States,53700.0,1100.0,46.0
782,Acenix,Acenix,Video games,10500000.0,Mexico,2400000.0,111000.0,2200.0
785,SaraBeautyCorner,"SaraBeautyCorner - DIY, Comedy, Makeup, Nail Art",DIY & Life Hacks,10500000.0,United States,133300.0,7600.0,722.0
786,WarnerBrosPictures,Warner Bros. Pictures,Movies,10500000.0,United States,424800.0,17700.0,861.0
788,redbull,Red Bull,Sports,10500000.0,United States,292500.0,5200.0,246.0
790,CJENMMUSIC,Stone Music Entertainment,Music & Dance,10500000.0,United States,8400.0,719.0,34.0
792,brancoala,Brancoala,Toys,10500000.0,Brazil,398200.0,8200.0,202.0
795,Sidhu Moose Wala,Sidhu Moose Wala,Music & Dance,10400000.0,India,3900000.0,336000.0,59000.0
796,AlArabiya,AlArabiya العربية,News & Politics,10400000.0,Morocco,6300.0,92.0,22.0
798,MeKcanal,Matheus e Kauan,Music & Dance,10300000.0,Brazil,6200.0,663.0,11.0
801,Jamuna TV,Jamuna TV,News & Politics,10300000.0,Bangladesh,60100.0,1500.0,96.0
802,Cris Devil Gamer,Cris Devil Gamer,Music & Dance,10300000.0,United States,460500.0,19900.0,669.0
803,prantoniojunior,Pastor Antônio Júnior,Music & Dance,10300000.0,Brazil,341000.0,79900.0,8800.0
804,Pari's Lifestyle,Pari's Lifestyle,Daily vlogs,10300000.0,India,545600.0,12100.0,113.0
806,HISHEdotcom,How It Should Have Ended,Movies,10300000.0,United States,903900.0,33900.0,1300.0
807,penguinz0,penguinz0,Animation,10300000.0,United States,1400000.0,49300.0,2600.0
808,destinws2,SmarterEveryDay,Science & Technology,10300000.0,United States,1900000.0,72200.0,4700.0
811,cbstvdinsideedition,Inside Edition,News & Politics,10300000.0,United States,213100.0,5500.0,684.0
812,Oum Walid,Oum Walid,Education,10300000.0,Algeria,527800.0,29400.0,1600.0
813,Lofi Girl,Lofi Girl,Music & Dance,10300000.0,United States,96900.0,3800.0,179.0
816,Mrwhosetheboss,Mrwhosetheboss,Science & Technology,10300000.0,United States,2700000.0,152900.0,10100.0
817,TikTak Draw,TikTak Draw,Science & Technology,10300000.0,Mexico,120900.0,7700.0,345.0
818,sagahits,SagaHits,Music & Dance,10300000.0,India,45300.0,1200.0,51.0
819,Sab kuchh sikho jano,Sab kuchh sikho jano,News & Politics,10200000.0,India,28800.0,1500.0,61.0
822,Wylsacom,Wylsacom,News & Politics,10200000.0,Russia,946900.0,38800.0,6900.0
824,aljazeerachannel,AlJazeera Channel قناة الجزيرة,News & Politics,10100000.0,Morocco,36700.0,485.0,89.0
825,cleanbandit,Clean Bandit,Music & Dance,10100000.0,United States,64800.0,2100.0,100.0
826,JessicaJulioeBaby,Laurinha e Helena - Clubinho da Laura,Toys,10100000.0,Brazil,246100.0,5700.0,176.0
827,Rawan and Rayan,Rawan and Rayan,Daily vlogs,10100000.0,Algeria,1000000.0,61500.0,4400.0
829,TV9 Bharatvarsh,TV9 Bharatvarsh,News & Politics,10100000.0,India,27900.0,484.0,19.0
830,AsapSCIENCE,AsapSCIENCE,Science & Technology,10100000.0,United States,772000.0,55800.0,1800.0
832,DalasReview,Dalas Review,Science & Technology,10100000.0,Mexico,684700.0,82100.0,9700.0
835,BE AMAZED,BE AMAZED,Education,10100000.0,United States,577000.0,14100.0,762.0
837,0214mex,はじめしゃちょー（hajime）,Music & Dance,10100000.0,Japan,1200000.0,34200.0,1300.0
842,TomorrowlandChannel,Tomorrowland,Music & Dance,10100000.0,Brazil,19400.0,914.0,50.0
843,VitalyzdTv,VitalyzdTv,Humor,10100000.0,United States,67900.0,1200.0,236.0
844,вДудь,вДудь,News & Politics,10100000.0,Russia,16800000.0,615500.0,89400.0
845,atv,atv,Animation,10100000.0,Turkey,41200.0,420.0,25.0
848,MTV,MTV,Music & Dance,10100000.0,United States,6700.0,343.0,23.0
850,ctctv,СТС,Video games,10100000.0,Russia,19000.0,168.0,13.0
853,Hindi Countdown,Hindi Countdown,Education,10100000.0,India,3600000.0,89600.0,3000.0
855,Lorrayne Oliveira,Lorrayne Oliveira,Toys,10100000.0,Brazil,281500.0,17500.0,502.0
858,RDCGujarati,RDC Gujarati,Music & Dance,10000000.0,India,26100.0,808.0,26.0
860,Juice WRLD,Juice WRLD,Music & Dance,10000000.0,United States,7600000.0,308300.0,19400.0
861,jordanmatter,Jordan Matter,Music & Dance,10000000.0,United States,4900000.0,137000.0,12500.0
862,whoisjimmy,How Ridiculous,Sports,9900000.0,United States,25500000.0,750300.0,5200.0
863,BestCodComedy,BCC Gaming,Video games,9900000.0,United States,2300.0,75.0,8.0
865,makebymarimaria,Mari Maria,Fashion,9900000.0,Brazil,132100.0,13800.0,436.0
869,Joe HaTTab,Joe HaTTab,Travel,9900000.0,Saudi Arabia,3500000.0,233200.0,15900.0
872,MSA previously My Story Animated,MSA previously My Story Animated,Animation,9900000.0,United States,5400000.0,154000.0,4800.0
875,Will Smith,Will Smith,Movies,9900000.0,United States,332200.0,10500.0,5500.0
876,Heroine Movies 2022,Heroine Movies 2022,Daily vlogs,9900000.0,India,151900.0,1100.0,22.0
878,shrutiarjunanand,Shruti Arjun Anand,Movies,9800000.0,India,1500000.0,47100.0,1500.0
884,panicopgm,Programa Pânico Lab,Toys,9800000.0,Brazil,22900.0,1100.0,27.0
886,htv2channel,Vie Channel - HTV2,Music & Dance,9800000.0,United States,8500.0,114.0,7.0
887,KiKiDo,KiKiDo,Video games,9800000.0,Russia,1700000.0,44000.0,1500.0
888,MBCkpop,MBCkpop,Music & Dance,9800000.0,Philippines,19000.0,925.0,87.0
889,Receitas de Pai,Receitas de Pai,Food & Drinks,9800000.0,Brazil,99000.0,13000.0,336.0
890,TheSyndicateProject,Syndicate,Video games,9800000.0,United States,157700.0,4900.0,1300.0
891,Family Box,Family Box,Video games,9800000.0,Russia,510700.0,9700.0,483.0
892,Sơn Tùng M-TP Official,Sơn Tùng M-TP Official,Music & Dance,9800000.0,United States,61200.0,4600.0,233.0
895,OneRepublic,OneRepublic,Music & Dance,9700000.0,United States,9900.0,749.0,21.0
896,BBCArabicNews,BBC News عربي,News & Politics,9700000.0,Egypt,38500.0,736.0,145.0
897,The Daily Show with Trevor Noah,The Daily Show with Trevor Noah,News & Politics,9700000.0,United States,497400.0,10200.0,1100.0
898,Islam Populer,Islam Populer,Education,9700000.0,Indonesia,82300.0,2100.0,164.0
899,Viki Show,Viki Show,Humor,9700000.0,Russia,2800000.0,109600.0,3100.0
900,Raditya Dika,Raditya Dika,Food & Drinks,9700000.0,Indonesia,179200.0,7800.0,299.0
904,MrGustavoParodias,Gustavo Paródias,Humor,9700000.0,Brazil,214500.0,22000.0,367.0
907,singkingkaraoke,Sing King,Music & Dance,9700000.0,United States,10800.0,157.0,17.0
908,EugenBro,EugenBro,Video games,9700000.0,Russia,724300.0,36500.0,2700.0
912,ThePersica,Orkun Işıtmak,Video games,9600000.0,Turkey,1700000.0,75500.0,2100.0
914,Prince Royce,Prince Royce,Music & Dance,9600000.0,United States,7000000.0,160800.0,3600.0
918,mainaCassette,Haryanvi Maina,Music & Dance,9600000.0,India,6300.0,55.0,4.0
919,mamilosmolengas,Mussoumano,Music & Dance,9600000.0,Brazil,860500.0,88200.0,3600.0
921,Sonotek Haryanvi,Sonotek Haryanvi,Music & Dance,9600000.0,India,11300.0,192.0,21.0
924,Bispo Bruno Leonardo,Bispo Bruno Leonardo,Music & Dance,9600000.0,Brazil,577900.0,208700.0,139800.0
925,bgfilms,Babish Culinary Universe,Food & Drinks,9600000.0,United States,817900.0,34400.0,1200.0
928,ZarcortGame,ZarcortGame,Music & Dance,9500000.0,Mexico,111000.0,15300.0,538.0
929,DELRECORDS,DEL Records,Music & Dance,9500000.0,Mexico,289000.0,12800.0,200.0
930,ehbeefamily,The Bee Family,Humor,9500000.0,United States,58000.0,2600.0,170.0
932,Ben Azelart,Ben Azelart,Video games,9500000.0,United States,2300000.0,89300.0,31100.0
934,Talent Recap,Talent Recap,Music & Dance,9500000.0,United States,33500.0,328.0,29.0
936,Garena Free Fire Brasil,Garena Free Fire Brasil,Video games,9500000.0,Brazil,200900.0,3100.0,302.0
937,InquisitorMaster,InquisitorMaster,Animation,9500000.0,United States,544300.0,20500.0,1300.0
938,Niki and Gabi,Niki and Gabi,Fashion,9500000.0,United States,485500.0,25200.0,531.0
940,TopMovieClips,TopMovieClips,Movies,9500000.0,United States,268300.0,5400.0,190.0
941,timesmusicindia,Times Music,Music & Dance,9500000.0,India,456100.0,10300.0,178.0
942,DaBaby,DaBaby,Music & Dance,9500000.0,United States,976400.0,36400.0,1300.0
945,BETO GAMER,BETO GAMER,Animation,9500000.0,Brazil,448900.0,28100.0,372.0
946,MrStiven Tc,MrStiven Tc,Video games,9500000.0,Colombia,671700.0,66900.0,352.0
947,NetflixBRA,Netflix Brasil,Humor,9400000.0,Brazil,23300.0,1600.0,90.0
948,JoeyGraceffa,Joey Graceffa,Animals & Pets,9400000.0,United States,317900.0,23300.0,2900.0
952,Grandpa Kitchen,Grandpa Kitchen,Food & Drinks,9400000.0,United States,162700.0,8600.0,318.0
953,MrMuselk,Muselk,Video games,9400000.0,United States,465500.0,19600.0,636.0
957,N1Noobtubers,웃웃TwinsFromRussia,Daily vlogs,9400000.0,India,55600.0,3600.0,19.0
958,bhaktisongs,Shemaroo Bhakti,Music & Dance,9400000.0,India,2800.0,45.0,6.0
959,The Voice Global,The Voice Global,Music & Dance,9400000.0,United States,320800.0,4100.0,87.0
960,POPSVIETNAM,POPS MUSIC,Music & Dance,9400000.0,United States,7700.0,217.0,4.0
961,CRACKS,CRACKS,Video games,9400000.0,Colombia,21300.0,2000.0,139.0
965,efdewe,efdewe,Music & Dance,9300000.0,Indonesia,195000.0,11200.0,670.0
968,sonotektv,Sonotek Music,Music & Dance,9300000.0,India,1600000.0,34500.0,1000.0
970,YFrostA,FROST,Video games,9300000.0,Russia,560500.0,48500.0,1800.0
972,RSVDO,rsfriends,Music & Dance,9300000.0,Thailand,4400.0,118.0,12.0
974,LetDa Hyper,LetDa Hyper,Music & Dance,9300000.0,Indonesia,95000.0,5200.0,332.0
975,brunoberti10,Irmãos Berti,Toys,9300000.0,Brazil,116300.0,7000.0,194.0
976,Karina Garcia,Karina Garcia,DIY & Life Hacks,9300000.0,United States,220800.0,9200.0,301.0
979,PlaticaPolinesa,PlaticaPolinesia,Music & Dance,9300000.0,Mexico,38500.0,3900.0,370.0
981,FoxNewsChannel,Fox News,News & Politics,9300000.0,United States,207100.0,5100.0,1800.0
982,RoosterTeeth,Rooster Teeth,Movies,9300000.0,United States,40800.0,1300.0,136.0
986,Soothing Relaxation,Soothing Relaxation,Music & Dance,9200000.0,United States,112300.0,3600.0,258.0
987,NFL,NFL,Sports,9200000.0,United States,107300.0,1800.0,206.0
990,Troom Troom SELECT,Troom Troom SELECT,Movies,9200000.0,United States,342700.0,4000.0,93.0
991,chetakvideo,Chetak,Music & Dance,9200000.0,India,15600.0,308.0,10.0
992,Denis,Denis,Video games,9200000.0,United States,194200.0,9100.0,461.0
995,FutParódias,FutParódias,Music & Dance,9200000.0,Brazil,1400000.0,110100.0,2500.0
996,EL GATO,EL GATO,Toys,9200000.0,Brazil,243800.0,30700.0,636.0
997,CinemaSins,CinemaSins,Movies,9200000.0,United States,296000.0,10200.0,874.0
998,CricketICC,ICC,Sports,9200000.0,India,15200.0,854.0,58.0
999,BRKsEDU,BRKsEDU,Animation,9200000.0,Brazil,112300.0,9800.0,246.0
